date,code_number,CCAA,number_of_cases,hospitalized,ICU,recovered
2/21/2020,1,Andalucía,0,,,
2/22/2020,1,Andalucía,0,,,
2/23/2020,1,Andalucía,0,,,
2/24/2020,1,Andalucía,0,,,
2/25/2020,1,Andalucía,0,,,
2/26/2020,1,Andalucía,0,,,
2/27/2020,1,Andalucía,1,,,
2/28/2020,1,Andalucía,6,,,
2/29/2020,1,Andalucía,8,,,
3/1/2020,1,Andalucía,12,,,
3/2/2020,1,Andalucía,12,,,
3/3/2020,1,Andalucía,12,,,
3/4/2020,1,Andalucía,12,,,
3/5/2020,1,Andalucía,12,,,
3/6/2020,1,Andalucía,21,,,
3/7/2020,1,Andalucía,27,,,
3/8/2020,1,Andalucía,34,,,
3/9/2020,1,Andalucía,54,,1,11
3/10/2020,1,Andalucía,71,,1,11
3/11/2020,1,Andalucía,90,32,3,11
3/12/2020,1,Andalucía,115,50,4,11
3/13/2020,1,Andalucía,219,92,8,11
3/14/2020,1,Andalucía,269,92,8,11
3/15/2020,1,Andalucía,437,92,8,11
3/16/2020,1,Andalucía,554,197,11,11
3/17/2020,1,Andalucía,683,229,13,11
3/18/2020,1,Andalucía,859,319,21,33
3/19/2020,1,Andalucía,1008,384,25,33
3/20/2020,1,Andalucía,1287,501,38,36
3/21/2020,1,Andalucía,1515,605,53,36
3/22/2020,1,Andalucía,1725,724,55,38
3/23/2020,1,Andalucía,1961,865,77,50
3/24/2020,1,Andalucía,2470,1132,102,66
3/25/2020,1,Andalucía,3008,1433,116,71
3/26/2020,1,Andalucía,3404,1626,134,77
3/27/2020,1,Andalucía,3790,1843,148,92
3/28/2020,1,Andalucía,4271,2106,172,139
3/29/2020,1,Andalucía,4676,2294,201,148
3/30/2020,1,Andalucía,5398,2671,216,155
3/31/2020,1,Andalucía,5809,2867,235,160
4/1/2020,1,Andalucía,6379,3147,260,182
4/2/2020,1,Andalucía,6957,3444,280,228
4/3/2020,1,Andalucía,7353,3673,338,258
4/4/2020,1,Andalucía,7847,3896,364,463
4/5/2020,1,Andalucía,8279,4107,474,665
4/6/2020,1,Andalucía,8559,4227,489,798
4/7/2020,1,Andalucía,8743,4335,499,900
4/8/2020,1,Andalucía,8973,4463,520,1041
4/9/2020,1,Andalucía,9234,4599,538,1193
4/10/2020,1,Andalucía,9482,4715,582,1437
4/11/2020,1,Andalucía,9682,4808,602,1630
4/12/2020,1,Andalucía,9976,4950,619,1838
4/13/2020,1,Andalucía,10062,4993,621,1967
4/14/2020,1,Andalucía,10283,5054,631,2032
4/15/2020,1,Andalucía,10561,5147,665,2224
4/16/2020,1,Andalucía,10773,5226,671,2634
4/17/2020,1,Andalucía,11018,5298,675,2790
4/18/2020,1,Andalucía,11168,5341,677,2948
4/19/2020,1,Andalucía,11389,5424,687,3116
4/20/2020,1,Andalucía,11518,5473,690,3229
4/21/2020,1,Andalucía,11648,5509,692,3411
4/22/2020,1,Andalucía,11879,5565,696,3569
4/23/2020,1,Andalucía,12195,5616,702,3847
4/24/2020,1,Andalucía,12449,5675,714,3992
4/25/2020,1,Andalucía,12774,5715,717,4295
4/26/2020,1,Andalucía,12972,5747,716,4741
4/27/2020,1,Andalucía,13108,5767,720,4890
4/28/2020,1,Andalucía,13195,5792,721,5039
4/29/2020,1,Andalucía,13445,5831,722,5272
4/30/2020,1,Andalucía,13624,5873,721,5710
5/1/2020,1,Andalucía,13881,5935,729,6334
5/2/2020,1,Andalucía,14128,5961,735,6821
5/3/2020,1,Andalucía,14251,5961,736,6897
5/4/2020,1,Andalucía,14311,5973,738,7021
5/5/2020,1,Andalucía,14351,5983,738,7230
5/6/2020,1,Andalucía,14593,6012,740,7679
5/7/2020,1,Andalucía,14824,6027,742,8076
5/8/2020,1,Andalucía,15002,6038,742,8435
5/9/2020,1,Andalucía,15180,6069,745,8779
5/10/2020,1,Andalucía,15355,6080,745,9020
5/11/2020,1,Andalucía,15422,6092,745,9205
5/12/2020,1,Andalucía,15522,6101,745,9297
5/13/2020,1,Andalucía,15629,6114,750,9481
5/14/2020,1,Andalucía,15823,6128,751,9918
5/15/2020,1,Andalucía,16068,6146,754,10148
5/16/2020,1,Andalucía,16263,6161,758,10319
5/17/2020,1,Andalucía,16432,6174,760,10611
2/21/2020,2,Aragón,0,,,
2/22/2020,2,Aragón,0,,,
2/23/2020,2,Aragón,0,,,
2/24/2020,2,Aragón,0,,,
2/25/2020,2,Aragón,0,,,
2/26/2020,2,Aragón,0,,,
2/27/2020,2,Aragón,0,,,
2/28/2020,2,Aragón,0,,,
2/29/2020,2,Aragón,0,,,
3/1/2020,2,Aragón,0,,,
3/2/2020,2,Aragón,0,,,
3/3/2020,2,Aragón,0,,,
3/4/2020,2,Aragón,0,,,
3/5/2020,2,Aragón,1,,,
3/6/2020,2,Aragón,1,,,
3/7/2020,2,Aragón,5,,,
3/8/2020,2,Aragón,5,,,
3/9/2020,2,Aragón,7,,3,0
3/10/2020,2,Aragón,30,,3,0
3/11/2020,2,Aragón,38,22,3,0
3/12/2020,2,Aragón,45,28,3,0
3/13/2020,2,Aragón,64,30,3,0
3/14/2020,2,Aragón,80,42,5,0
3/15/2020,2,Aragón,121,59,5,0
3/16/2020,2,Aragón,147,64,7,0
3/17/2020,2,Aragón,207,74,9,0
3/18/2020,2,Aragón,226,81,9,0
3/19/2020,2,Aragón,281,101,14,0
3/20/2020,2,Aragón,360,127,28,0
3/21/2020,2,Aragón,424,192,33,0
3/22/2020,2,Aragón,532,241,45,3
3/23/2020,2,Aragón,638,298,52,3
3/24/2020,2,Aragón,758,384,66,3
3/25/2020,2,Aragón,907,459,75,4
3/26/2020,2,Aragón,1116,562,93,4
3/27/2020,2,Aragón,1338,693,114,8
3/28/2020,2,Aragón,1592,835,124,8
3/29/2020,2,Aragón,1858,835,124,125
3/30/2020,2,Aragón,2078,1094,156,174
3/31/2020,2,Aragón,2272,1176,165,204
4/1/2020,2,Aragón,2491,1234,168,257
4/2/2020,2,Aragón,2700,1320,178,320
4/3/2020,2,Aragón,2889,1431,180,378
4/4/2020,2,Aragón,3078,1505,190,440
4/5/2020,2,Aragón,3232,1588,233,537
4/6/2020,2,Aragón,3347,1637,237,565
4/7/2020,2,Aragón,3449,1663,247,578
4/8/2020,2,Aragón,3549,1716,255,659
4/9/2020,2,Aragón,3685,1765,261,718
4/10/2020,2,Aragón,3831,1822,263,797
4/11/2020,2,Aragón,3998,1860,266,888
4/12/2020,2,Aragón,4125,1901,272,934
4/13/2020,2,Aragón,4248,1938,274,946
4/14/2020,2,Aragón,4332,1966,280,963
4/15/2020,2,Aragón,4450,2006,282,1012
4/16/2020,2,Aragón,4566,2108,291,1087
4/17/2020,2,Aragón,4664,2151,240,1121
4/18/2020,2,Aragón,4761,2180,243,1121
4/19/2020,2,Aragón,4831,2216,246,1175
4/20/2020,2,Aragón,4886,2244,248,1178
4/21/2020,2,Aragón,4938,2271,250,1182
4/22/2020,2,Aragón,5054,2304,252,1530
4/23/2020,2,Aragón,5237,2340,253,1680
4/24/2020,2,Aragón,5295,2359,254,1781
4/25/2020,2,Aragón,5382,2372,255,1929
4/26/2020,2,Aragón,5456,2395,257,1960
4/27/2020,2,Aragón,5504,2403,257,2010
4/28/2020,2,Aragón,5557,2425,258,2081
4/29/2020,2,Aragón,5652,2454,258,2189
4/30/2020,2,Aragón,5971,2477,258,2291
5/1/2020,2,Aragón,6103,2494,260,2382
5/2/2020,2,Aragón,6164,2503,260,2474
5/3/2020,2,Aragón,6208,2519,260,2558
5/4/2020,2,Aragón,6239,2526,260,2624
5/5/2020,2,Aragón,6282,2539,260,2704
5/6/2020,2,Aragón,6382,2552,260,2790
5/7/2020,2,Aragón,6516,2564,262,2880
5/8/2020,2,Aragón,6575,2578,263,2953
5/9/2020,2,Aragón,6656,2583,263,3006
5/10/2020,2,Aragón,6702,2588,263,3076
5/11/2020,2,Aragón,6731,2595,263,3116
5/12/2020,2,Aragón,6797,2606,264,3186
5/13/2020,2,Aragón,6856,2614,265,3312
5/14/2020,2,Aragón,6943,2625,265,3471
5/15/2020,2,Aragón,7015,2637,266,3534
5/16/2020,2,Aragón,7125,2648,266,3655
5/17/2020,2,Aragón,7177,2655,266,3727
2/21/2020,3,Asturias,0,,,
2/22/2020,3,Asturias,0,,,
2/23/2020,3,Asturias,0,,,
2/24/2020,3,Asturias,0,,,
2/25/2020,3,Asturias,0,,,
2/26/2020,3,Asturias,0,,,
2/27/2020,3,Asturias,0,,,
2/28/2020,3,Asturias,0,,,
2/29/2020,3,Asturias,0,,,
3/1/2020,3,Asturias,1,,,
3/2/2020,3,Asturias,1,,,
3/3/2020,3,Asturias,1,,,
3/4/2020,3,Asturias,3,,,
3/5/2020,3,Asturias,4,,,
3/6/2020,3,Asturias,5,,,
3/7/2020,3,Asturias,7,,,
3/8/2020,3,Asturias,8,,,
3/9/2020,3,Asturias,10,,2,0
3/10/2020,3,Asturias,21,,2,1
3/11/2020,3,Asturias,37,12,2,1
3/12/2020,3,Asturias,45,12,2,1
3/13/2020,3,Asturias,62,16,2,1
3/14/2020,3,Asturias,100,16,2,1
3/15/2020,3,Asturias,145,16,3,1
3/16/2020,3,Asturias,190,16,3,3
3/17/2020,3,Asturias,236,34,5,3
3/18/2020,3,Asturias,280,45,5,4
3/19/2020,3,Asturias,336,61,6,4
3/20/2020,3,Asturias,469,87,7,12
3/21/2020,3,Asturias,545,133,12,16
3/22/2020,3,Asturias,589,171,15,20
3/23/2020,3,Asturias,657,194,22,21
3/24/2020,3,Asturias,764,224,23,30
3/25/2020,3,Asturias,849,263,29,35
3/26/2020,3,Asturias,914,300,34,40
3/27/2020,3,Asturias,995,339,47,52
3/28/2020,3,Asturias,1077,408,50,65
3/29/2020,3,Asturias,1172,466,57,76
3/30/2020,3,Asturias,1251,479,60,78
3/31/2020,3,Asturias,1330,529,65,90
4/1/2020,3,Asturias,1392,590,76,109
4/2/2020,3,Asturias,1473,640,79,135
4/3/2020,3,Asturias,1533,702,86,154
4/4/2020,3,Asturias,1607,766,87,190
4/5/2020,3,Asturias,1650,808,90,216
4/6/2020,3,Asturias,1704,846,90,222
4/7/2020,3,Asturias,1730,889,91,244
4/8/2020,3,Asturias,1777,958,91,294
4/9/2020,3,Asturias,1861,1018,94,340
4/10/2020,3,Asturias,1911,1083,100,372
4/11/2020,3,Asturias,1974,1147,105,414
4/12/2020,3,Asturias,2058,1208,106,430
4/13/2020,3,Asturias,2088,1265,110,434
4/14/2020,3,Asturias,2139,1330,111,458
4/15/2020,3,Asturias,2208,1387,114,487
4/16/2020,3,Asturias,2288,1432,116,522
4/17/2020,3,Asturias,2327,1474,118,545
4/18/2020,3,Asturias,2373,1520,119,575
4/19/2020,3,Asturias,2393,1571,120,596
4/20/2020,3,Asturias,2408,1599,122,599
4/21/2020,3,Asturias,2453,1626,122,616
4/22/2020,3,Asturias,2515,1665,128,642
4/23/2020,3,Asturias,2561,1705,130,665
4/24/2020,3,Asturias,2601,1728,131,688
4/25/2020,3,Asturias,2653,1760,132,716
4/26/2020,3,Asturias,2703,1790,134,749
4/27/2020,3,Asturias,2736,1814,137,759
4/28/2020,3,Asturias,2809,1843,137,780
4/29/2020,3,Asturias,2876,1886,137,809
4/30/2020,3,Asturias,2933,1915,137,835
5/1/2020,3,Asturias,2974,1938,140,860
5/2/2020,3,Asturias,2997,1974,141,890
5/3/2020,3,Asturias,3018,1995,142,908
5/4/2020,3,Asturias,3030,2014,142,917
5/5/2020,3,Asturias,3058,2046,142,936
5/6/2020,3,Asturias,3094,2081,142,953
5/7/2020,3,Asturias,3099,2117,143,971
5/8/2020,3,Asturias,3157,2141,144,983
5/9/2020,3,Asturias,3183,2166,145,1012
5/10/2020,3,Asturias,3197,2185,147,1022
5/11/2020,3,Asturias,3212,2197,149,1026
5/12/2020,3,Asturias,3226,2212,150,1031
5/13/2020,3,Asturias,3252,2239,151,1038
5/14/2020,3,Asturias,3266,2252,151,1046
5/15/2020,3,Asturias,3295,2268,152,1053
5/16/2020,3,Asturias,3327,2290,152,1055
5/17/2020,3,Asturias,3344,2311,153,1061
2/21/2020,4,Baleares,1,,,
2/22/2020,4,Baleares,1,,,
2/23/2020,4,Baleares,1,,,
2/24/2020,4,Baleares,1,,,
2/25/2020,4,Baleares,1,,,
2/26/2020,4,Baleares,1,,,
2/27/2020,4,Baleares,1,,,
2/28/2020,4,Baleares,1,,,
2/29/2020,4,Baleares,2,,,
3/1/2020,4,Baleares,2,,,
3/2/2020,4,Baleares,2,,,
3/3/2020,4,Baleares,2,,,
3/4/2020,4,Baleares,5,,,
3/5/2020,4,Baleares,6,,,
3/6/2020,4,Baleares,6,,,
3/7/2020,4,Baleares,6,,,
3/8/2020,4,Baleares,8,,,
3/9/2020,4,Baleares,11,,1,1
3/10/2020,4,Baleares,13,,1,1
3/11/2020,4,Baleares,16,8,1,1
3/12/2020,4,Baleares,22,8,2,1
3/13/2020,4,Baleares,28,9,2,1
3/14/2020,4,Baleares,28,9,2,1
3/15/2020,4,Baleares,42,9,2,1
3/16/2020,4,Baleares,73,21,4,1
3/17/2020,4,Baleares,92,26,4,1
3/18/2020,4,Baleares,112,29,4,4
3/19/2020,4,Baleares,169,31,7,6
3/20/2020,4,Baleares,203,48,10,10
3/21/2020,4,Baleares,246,60,14,11
3/22/2020,4,Baleares,331,79,14,17
3/23/2020,4,Baleares,400,87,27,18
3/24/2020,4,Baleares,478,127,35,19
3/25/2020,4,Baleares,562,164,40,28
3/26/2020,4,Baleares,660,205,43,39
3/27/2020,4,Baleares,755,237,46,67
3/28/2020,4,Baleares,862,283,59,80
3/29/2020,4,Baleares,958,345,71,82
3/30/2020,4,Baleares,1000,353,80,100
3/31/2020,4,Baleares,1069,399,85,111
4/1/2020,4,Baleares,1131,467,94,170
4/2/2020,4,Baleares,1204,516,104,239
4/3/2020,4,Baleares,1257,586,111,375
4/4/2020,4,Baleares,1271,633,113,422
4/5/2020,4,Baleares,1293,663,119,461
4/6/2020,4,Baleares,1320,682,120,531
4/7/2020,4,Baleares,1369,704,123,537
4/8/2020,4,Baleares,1412,730,128,616
4/9/2020,4,Baleares,1448,750,131,696
4/10/2020,4,Baleares,1488,776,135,737
4/11/2020,4,Baleares,1507,777,136,757
4/12/2020,4,Baleares,1534,804,141,848
4/13/2020,4,Baleares,1550,810,142,862
4/14/2020,4,Baleares,1571,825,144,871
4/15/2020,4,Baleares,1605,856,148,881
4/16/2020,4,Baleares,1636,871,151,918
4/17/2020,4,Baleares,1667,904,151,938
4/18/2020,4,Baleares,1747,936,156,958
4/19/2020,4,Baleares,1772,954,159,993
4/20/2020,4,Baleares,1787,962,160,1005
4/21/2020,4,Baleares,1807,985,160,1005
4/22/2020,4,Baleares,1834,1004,165,1017
4/23/2020,4,Baleares,1859,1021,165,1047
4/24/2020,4,Baleares,1876,1039,165,1081
4/25/2020,4,Baleares,1905,1057,165,1102
4/26/2020,4,Baleares,1915,1061,165,1123
4/27/2020,4,Baleares,1920,1061,165,1136
4/28/2020,4,Baleares,1938,1073,165,1166
4/29/2020,4,Baleares,1948,1078,165,1196
4/30/2020,4,Baleares,1953,1081,166,1219
5/1/2020,4,Baleares,1968,1089,166,1245
5/2/2020,4,Baleares,1982,1093,166,1268
5/3/2020,4,Baleares,1988,1098,166,1284
5/4/2020,4,Baleares,1989,1101,166,1294
5/5/2020,4,Baleares,1995,1109,167,1307
5/6/2020,4,Baleares,2011,1121,167,1321
5/7/2020,4,Baleares,2021,1125,167,1345
5/8/2020,4,Baleares,2027,1125,167,1374
5/9/2020,4,Baleares,2040,1125,168,1395
5/10/2020,4,Baleares,2053,1125,168,1401
5/11/2020,4,Baleares,2056,1125,168,1415
5/12/2020,4,Baleares,2056,1126,169,1423
5/13/2020,4,Baleares,2061,1131,171,1465
5/14/2020,4,Baleares,2062,1131,171,1492
5/15/2020,4,Baleares,2071,1134,169,1513
5/16/2020,4,Baleares,2087,1134,169,1519
5/17/2020,4,Baleares,2096,1136,170,1523
2/21/2020,5,Canarias,1,,,
2/22/2020,5,Canarias,1,,,
2/23/2020,5,Canarias,1,,,
2/24/2020,5,Canarias,1,,,
2/25/2020,5,Canarias,2,,,
2/26/2020,5,Canarias,5,,,
2/27/2020,5,Canarias,6,,,
2/28/2020,5,Canarias,6,,,
2/29/2020,5,Canarias,6,,,
3/1/2020,5,Canarias,7,,,
3/2/2020,5,Canarias,7,,,
3/3/2020,5,Canarias,7,,,
3/4/2020,5,Canarias,7,,,
3/5/2020,5,Canarias,8,,,
3/6/2020,5,Canarias,11,,,
3/7/2020,5,Canarias,11,,,
3/8/2020,5,Canarias,17,,,
3/9/2020,5,Canarias,22,,0,4
3/10/2020,5,Canarias,25,,1,5
3/11/2020,5,Canarias,37,10,1,5
3/12/2020,5,Canarias,51,15,3,5
3/13/2020,5,Canarias,70,15,3,5
3/14/2020,5,Canarias,90,15,6,7
3/15/2020,5,Canarias,109,15,6,7
3/16/2020,5,Canarias,119,40,9,7
3/17/2020,5,Canarias,148,56,13,8
3/18/2020,5,Canarias,181,73,17,8
3/19/2020,5,Canarias,220,82,23,9
3/20/2020,5,Canarias,287,115,25,9
3/21/2020,5,Canarias,348,139,29,9
3/22/2020,5,Canarias,414,150,32,9
3/23/2020,5,Canarias,481,172,32,9
3/24/2020,5,Canarias,557,207,36,9
3/25/2020,5,Canarias,657,235,43,15
3/26/2020,5,Canarias,784,279,45,18
3/27/2020,5,Canarias,878,328,61,20
3/28/2020,5,Canarias,1025,377,68,25
3/29/2020,5,Canarias,1125,425,78,30
3/30/2020,5,Canarias,1204,444,84,32
3/31/2020,5,Canarias,1262,483,94,57
4/1/2020,5,Canarias,1380,532,110,77
4/2/2020,5,Canarias,1444,566,113,94
4/3/2020,5,Canarias,1490,605,120,102
4/4/2020,5,Canarias,1564,632,128,123
4/5/2020,5,Canarias,1622,644,129,137
4/6/2020,5,Canarias,1649,651,133,157
4/7/2020,5,Canarias,1725,689,137,192
4/8/2020,5,Canarias,1762,703,138,249
4/9/2020,5,Canarias,1834,730,140,359
4/10/2020,5,Canarias,1858,738,141,386
4/11/2020,5,Canarias,1887,745,144,432
4/12/2020,5,Canarias,1918,758,144,447
4/13/2020,5,Canarias,1944,763,145,458
4/14/2020,5,Canarias,1958,771,147,589
4/15/2020,5,Canarias,1975,781,152,622
4/16/2020,5,Canarias,1988,802,156,673
4/17/2020,5,Canarias,2009,811,159,730
4/18/2020,5,Canarias,2035,822,160,785
4/19/2020,5,Canarias,2047,825,162,789
4/20/2020,5,Canarias,2067,826,163,813
4/21/2020,5,Canarias,2085,837,164,878
4/22/2020,5,Canarias,2094,841,164,927
4/23/2020,5,Canarias,2113,855,169,969
4/24/2020,5,Canarias,2140,868,169,1017
4/25/2020,5,Canarias,2155,878,171,1036
4/26/2020,5,Canarias,2167,880,171,1047
4/27/2020,5,Canarias,2178,881,171,1047
4/28/2020,5,Canarias,2187,900,174,1075
4/29/2020,5,Canarias,2202,906,175,1107
4/30/2020,5,Canarias,2205,909,175,1131
5/1/2020,5,Canarias,2206,914,175,1149
5/2/2020,5,Canarias,2212,918,175,1149
5/3/2020,5,Canarias,2221,919,175,1150
5/4/2020,5,Canarias,2225,919,175,1166
5/5/2020,5,Canarias,2231,920,176,1190
5/6/2020,5,Canarias,2231,920,176,1223
5/7/2020,5,Canarias,2235,921,176,1258
5/8/2020,5,Canarias,2240,927,176,1318
5/9/2020,5,Canarias,2250,935,178,1342
5/10/2020,5,Canarias,2258,935,178,1346
5/11/2020,5,Canarias,2260,936,178,1391
5/12/2020,5,Canarias,2268,937,178,1456
5/13/2020,5,Canarias,2271,937,178,1475
5/14/2020,5,Canarias,2275,937,178,1496
5/15/2020,5,Canarias,2280,938,178,1506
5/16/2020,5,Canarias,2284,939,178,1524
5/17/2020,5,Canarias,2289,939,178,1524
2/21/2020,6,Cantabria,0,,,
2/22/2020,6,Cantabria,0,,,
2/23/2020,6,Cantabria,0,,,
2/24/2020,6,Cantabria,0,,,
2/25/2020,6,Cantabria,0,,,
2/26/2020,6,Cantabria,0,,,
2/27/2020,6,Cantabria,0,,,
2/28/2020,6,Cantabria,0,,,
2/29/2020,6,Cantabria,0,,,
3/1/2020,6,Cantabria,1,,,
3/2/2020,6,Cantabria,10,,,
3/3/2020,6,Cantabria,10,,,
3/4/2020,6,Cantabria,10,,,
3/5/2020,6,Cantabria,10,,,
3/6/2020,6,Cantabria,10,,,
3/7/2020,6,Cantabria,10,,,
3/8/2020,6,Cantabria,12,,,
3/9/2020,6,Cantabria,12,,0,0
3/10/2020,6,Cantabria,12,,0,0
3/11/2020,6,Cantabria,12,0,0,0
3/12/2020,6,Cantabria,16,3,0,6
3/13/2020,6,Cantabria,29,3,0,7
3/14/2020,6,Cantabria,31,3,0,7
3/15/2020,6,Cantabria,51,3,0,10
3/16/2020,6,Cantabria,58,18,2,10
3/17/2020,6,Cantabria,58,18,2,10
3/18/2020,6,Cantabria,68,25,3,10
3/19/2020,6,Cantabria,83,40,4,10
3/20/2020,6,Cantabria,144,61,7,10
3/21/2020,6,Cantabria,215,92,9,11
3/22/2020,6,Cantabria,282,116,9,11
3/23/2020,6,Cantabria,347,157,14,11
3/24/2020,6,Cantabria,425,200,16,12
3/25/2020,6,Cantabria,510,241,18,12
3/26/2020,6,Cantabria,671,300,26,14
3/27/2020,6,Cantabria,810,355,29,19
3/28/2020,6,Cantabria,937,406,37,21
3/29/2020,6,Cantabria,1023,449,40,24
3/30/2020,6,Cantabria,1100,481,46,24
3/31/2020,6,Cantabria,1171,522,50,35
4/1/2020,6,Cantabria,1213,543,54,43
4/2/2020,6,Cantabria,1268,567,57,60
4/3/2020,6,Cantabria,1321,592,59,74
4/4/2020,6,Cantabria,1384,619,60,99
4/5/2020,6,Cantabria,1441,639,62,113
4/6/2020,6,Cantabria,1483,658,65,118
4/7/2020,6,Cantabria,1501,677,66,129
4/8/2020,6,Cantabria,1572,700,69,175
4/9/2020,6,Cantabria,1619,720,71,214
4/10/2020,6,Cantabria,1659,747,73,265
4/11/2020,6,Cantabria,1719,773,75,281
4/12/2020,6,Cantabria,1752,805,75,297
4/13/2020,6,Cantabria,1777,827,75,317
4/14/2020,6,Cantabria,1796,853,76,323
4/15/2020,6,Cantabria,1823,873,76,363
4/16/2020,6,Cantabria,1845,890,77,442
4/17/2020,6,Cantabria,1884,903,78,510
4/18/2020,6,Cantabria,1990,911,78,534
4/19/2020,6,Cantabria,2050,924,78,610
4/20/2020,6,Cantabria,2083,934,78,626
4/21/2020,6,Cantabria,2108,948,78,646
4/22/2020,6,Cantabria,2160,956,78,718
4/23/2020,6,Cantabria,2206,965,78,850
4/24/2020,6,Cantabria,2273,978,78,913
4/25/2020,6,Cantabria,2315,982,78,1046
4/26/2020,6,Cantabria,2330,991,78,1127
4/27/2020,6,Cantabria,2350,995,78,1241
4/28/2020,6,Cantabria,2386,1000,78,1290
4/29/2020,6,Cantabria,2439,1006,79,1372
4/30/2020,6,Cantabria,2505,1007,79,1483
5/1/2020,6,Cantabria,2547,1009,79,1509
5/2/2020,6,Cantabria,2577,1009,79,1551
5/3/2020,6,Cantabria,2589,1010,79,1616
5/4/2020,6,Cantabria,2596,1011,79,1620
5/5/2020,6,Cantabria,2607,1015,79,1658
5/6/2020,6,Cantabria,2626,1018,79,1696
5/7/2020,6,Cantabria,2642,1020,79,1758
5/8/2020,6,Cantabria,2665,1022,79,1786
5/9/2020,6,Cantabria,2681,1023,79,1862
5/10/2020,6,Cantabria,2684,1027,79,1933
5/11/2020,6,Cantabria,2685,1027,79,1963
5/12/2020,6,Cantabria,2691,1027,79,1981
5/13/2020,6,Cantabria,2733,1029,79,2054
5/14/2020,6,Cantabria,2739,1030,79,2110
5/15/2020,6,Cantabria,2761,1031,79,2152
5/16/2020,6,Cantabria,2770,1032,79,2195
5/17/2020,6,Cantabria,2773,1033,79,2270
2/21/2020,8,Castilla La Mancha,0,,,
2/22/2020,8,Castilla La Mancha,0,,,
2/23/2020,8,Castilla La Mancha,0,,,
2/24/2020,8,Castilla La Mancha,0,,,
2/25/2020,8,Castilla La Mancha,0,,,
2/26/2020,8,Castilla La Mancha,0,,,
2/27/2020,8,Castilla La Mancha,0,,,
2/28/2020,8,Castilla La Mancha,0,,,
2/29/2020,8,Castilla La Mancha,0,,,
3/1/2020,8,Castilla La Mancha,1,,,
3/2/2020,8,Castilla La Mancha,3,,,
3/3/2020,8,Castilla La Mancha,7,,,
3/4/2020,8,Castilla La Mancha,12,,,
3/5/2020,8,Castilla La Mancha,13,,,
3/6/2020,8,Castilla La Mancha,15,,,
3/7/2020,8,Castilla La Mancha,15,,,
3/8/2020,8,Castilla La Mancha,15,,,
3/9/2020,8,Castilla La Mancha,26,,2,2
3/10/2020,8,Castilla La Mancha,39,,3,2
3/11/2020,8,Castilla La Mancha,71,0,5,2
3/12/2020,8,Castilla La Mancha,115,39,9,2
3/13/2020,8,Castilla La Mancha,194,78,10,2
3/14/2020,8,Castilla La Mancha,289,78,10,5
3/15/2020,8,Castilla La Mancha,401,78,10,5
3/16/2020,8,Castilla La Mancha,567,207,23,12
3/17/2020,8,Castilla La Mancha,567,207,23,12
3/18/2020,8,Castilla La Mancha,675,277,29,15
3/19/2020,8,Castilla La Mancha,801,313,37,27
3/20/2020,8,Castilla La Mancha,1044,313,37,27
3/21/2020,8,Castilla La Mancha,1423,635,65,38
3/22/2020,8,Castilla La Mancha,1819,838,76,48
3/23/2020,8,Castilla La Mancha,2078,1547,142,51
3/24/2020,8,Castilla La Mancha,2465,1826,182,53
3/25/2020,8,Castilla La Mancha,2780,2162,210,71
3/26/2020,8,Castilla La Mancha,3383,2162,243,95
3/27/2020,8,Castilla La Mancha,3934,2707,273,153
3/28/2020,8,Castilla La Mancha,4512,2977,289,197
3/29/2020,8,Castilla La Mancha,5246,3018,299,236
3/30/2020,8,Castilla La Mancha,5858,3134,302,236
3/31/2020,8,Castilla La Mancha,6424,3225,344,252
4/1/2020,8,Castilla La Mancha,7047,3230,353,397
4/2/2020,8,Castilla La Mancha,7682,3230,355,494
4/3/2020,8,Castilla La Mancha,8523,3168,355,579
4/4/2020,8,Castilla La Mancha,9324,3133,360,657
4/5/2020,8,Castilla La Mancha,10031,2950,357,1149
4/6/2020,8,Castilla La Mancha,10602,2901,354,1259
4/7/2020,8,Castilla La Mancha,11077,2908,360,1353
4/8/2020,8,Castilla La Mancha,11788,2731,354,1557
4/9/2020,8,Castilla La Mancha,12489,2575,342,1766
4/10/2020,8,Castilla La Mancha,13063,2359,329,1982
4/11/2020,8,Castilla La Mancha,13456,2198,316,2205
4/12/2020,8,Castilla La Mancha,13698,6838,316,2365
4/13/2020,8,Castilla La Mancha,14054,7782,475,2532
4/14/2020,8,Castilla La Mancha,14329,7830,486,2943
4/15/2020,8,Castilla La Mancha,14680,7896,495,2998
4/16/2020,8,Castilla La Mancha,15151,7987,503,3378
4/17/2020,8,Castilla La Mancha,15997,8018,511,3600
4/18/2020,8,Castilla La Mancha,16349,8093,514,3838
4/19/2020,8,Castilla La Mancha,16625,8137,518,3963
4/20/2020,8,Castilla La Mancha,16796,8173,531,4178
4/21/2020,8,Castilla La Mancha,17045,8199,534,4242
4/22/2020,8,Castilla La Mancha,17321,8243,537,4337
4/23/2020,8,Castilla La Mancha,17557,8304,546,4577
4/24/2020,8,Castilla La Mancha,18053,8342,553,4782
4/25/2020,8,Castilla La Mancha,18525,8385,559,4876
4/26/2020,8,Castilla La Mancha,18995,8417,565,5196
4/27/2020,8,Castilla La Mancha,19286,8444,579,5282
4/28/2020,8,Castilla La Mancha,19518,8464,584,5306
4/29/2020,8,Castilla La Mancha,19795,8523,588,5382
4/30/2020,8,Castilla La Mancha,20071,8567,592,5512
5/1/2020,8,Castilla La Mancha,20516,8618,596,5615
5/2/2020,8,Castilla La Mancha,21023,8645,601,5702
5/3/2020,8,Castilla La Mancha,21290,8676,604,5772
5/4/2020,8,Castilla La Mancha,21511,8698,606,5794
5/5/2020,8,Castilla La Mancha,21656,8725,609,5824
5/6/2020,8,Castilla La Mancha,22166,8765,612,5862
5/7/2020,8,Castilla La Mancha,22567,8796,613,5895
5/8/2020,8,Castilla La Mancha,22908,8828,617,5981
5/9/2020,8,Castilla La Mancha,23293,8867,621,6062
5/10/2020,8,Castilla La Mancha,23662,8895,623,6129
5/11/2020,8,Castilla La Mancha,23869,8918,624,6172
5/12/2020,8,Castilla La Mancha,24051,8940,629,6181
5/13/2020,8,Castilla La Mancha,24185,8963,632,6205
5/14/2020,8,Castilla La Mancha,24331,8980,634,6244
5/15/2020,8,Castilla La Mancha,24527,9001,635,6294
5/16/2020,8,Castilla La Mancha,24776,9027,636,6328
5/17/2020,8,Castilla La Mancha,24908,9054,637,6378
2/21/2020,7,Castilla y León,0,,,
2/22/2020,7,Castilla y León,0,,,
2/23/2020,7,Castilla y León,0,,,
2/24/2020,7,Castilla y León,0,,,
2/25/2020,7,Castilla y León,0,,,
2/26/2020,7,Castilla y León,0,,,
2/27/2020,7,Castilla y León,0,,,
2/28/2020,7,Castilla y León,2,,,
2/29/2020,7,Castilla y León,2,,,
3/1/2020,7,Castilla y León,3,,,
3/2/2020,7,Castilla y León,3,,,
3/3/2020,7,Castilla y León,8,,,
3/4/2020,7,Castilla y León,11,,,
3/5/2020,7,Castilla y León,11,,,
3/6/2020,7,Castilla y León,14,,,
3/7/2020,7,Castilla y León,14,,,
3/8/2020,7,Castilla y León,22,,,
3/9/2020,7,Castilla y León,23,,2,0
3/10/2020,7,Castilla y León,56,,2,0
3/11/2020,7,Castilla y León,71,24,5,0
3/12/2020,7,Castilla y León,92,25,7,0
3/13/2020,7,Castilla y León,169,25,8,1
3/14/2020,7,Castilla y León,223,25,15,2
3/15/2020,7,Castilla y León,292,45,22,3
3/16/2020,7,Castilla y León,334,95,29,5
3/17/2020,7,Castilla y León,431,95,36,5
3/18/2020,7,Castilla y León,668,281,50,5
3/19/2020,7,Castilla y León,868,362,63,27
3/20/2020,7,Castilla y León,1147,476,75,37
3/21/2020,7,Castilla y León,1466,629,96,54
3/22/2020,7,Castilla y León,1744,798,111,89
3/23/2020,7,Castilla y León,2055,977,130,117
3/24/2020,7,Castilla y León,2460,1197,151,140
3/25/2020,7,Castilla y León,2940,1457,179,213
3/26/2020,7,Castilla y León,3488,1823,198,308
3/27/2020,7,Castilla y León,4132,2214,215,423
3/28/2020,7,Castilla y León,4791,2648,238,585
3/29/2020,7,Castilla y León,5414,3160,261,752
3/30/2020,7,Castilla y León,5801,3411,272,871
3/31/2020,7,Castilla y León,6211,3629,294,1028
4/1/2020,7,Castilla y León,6847,3951,318,1259
4/2/2020,7,Castilla y León,7355,4207,332,1498
4/3/2020,7,Castilla y León,7875,4472,342,1759
4/4/2020,7,Castilla y León,8332,4685,351,2021
4/5/2020,7,Castilla y León,8749,4905,361,2331
4/6/2020,7,Castilla y León,9116,5041,368,2533
4/7/2020,7,Castilla y León,9581,5180,375,2711
4/8/2020,7,Castilla y León,10058,5322,386,2988
4/9/2020,7,Castilla y León,10518,5523,399,3242
4/10/2020,7,Castilla y León,11102,5674,407,3506
4/11/2020,7,Castilla y León,11543,5817,414,3757
4/12/2020,7,Castilla y León,12118,5957,418,4010
4/13/2020,7,Castilla y León,12628,6077,423,4154
4/14/2020,7,Castilla y León,13180,6175,432,4266
4/15/2020,7,Castilla y León,13697,6306,440,4521
4/16/2020,7,Castilla y León,14380,6449,445,4725
4/17/2020,7,Castilla y León,14903,6518,449,4924
4/18/2020,7,Castilla y León,15293,6831,495,5103
4/19/2020,7,Castilla y León,15621,6981,498,5262
4/20/2020,7,Castilla y León,15857,7080,501,5366
4/21/2020,7,Castilla y León,16259,7174,503,5429
4/22/2020,7,Castilla y León,16839,7264,505,5614
4/23/2020,7,Castilla y León,17402,7397,508,5777
4/24/2020,7,Castilla y León,17776,7506,510,5943
4/25/2020,7,Castilla y León,18259,7555,511,6033
4/26/2020,7,Castilla y León,18684,7653,515,6208
4/27/2020,7,Castilla y León,19028,7703,518,6272
4/28/2020,7,Castilla y León,19372,7777,522,6323
4/29/2020,7,Castilla y León,19851,7854,524,6448
4/30/2020,7,Castilla y León,20312,7957,528,6569
5/1/2020,7,Castilla y León,20739,8010,531,6686
5/2/2020,7,Castilla y León,20999,8054,531,6813
5/3/2020,7,Castilla y León,21229,8085,533,6856
5/4/2020,7,Castilla y León,21379,8123,534,6900
5/5/2020,7,Castilla y León,21719,8153,537,6935
5/6/2020,7,Castilla y León,22156,8246,538,7036
5/7/2020,7,Castilla y León,22537,8300,541,7149
5/8/2020,7,Castilla y León,22926,8357,543,7231
5/9/2020,7,Castilla y León,23452,8394,546,7317
5/10/2020,7,Castilla y León,23821,8468,546,7429
5/11/2020,7,Castilla y León,23991,8482,547,7453
5/12/2020,7,Castilla y León,24170,8493,547,7472
5/13/2020,7,Castilla y León,24262,8517,547,7544
5/14/2020,7,Castilla y León,24379,8560,548,7621
5/15/2020,7,Castilla y León,24498,8595,548,7672
5/16/2020,7,Castilla y León,24595,8649,549,7735
5/17/2020,7,Castilla y León,24696,8690,550,8716
2/21/2020,9,Cataluña,0,,,
2/22/2020,9,Cataluña,0,,,
2/23/2020,9,Cataluña,0,,,
2/24/2020,9,Cataluña,0,,,
2/25/2020,9,Cataluña,0,,,
2/26/2020,9,Cataluña,1,,,
2/27/2020,9,Cataluña,2,,,
2/28/2020,9,Cataluña,3,,,
2/29/2020,9,Cataluña,5,,,
3/1/2020,9,Cataluña,6,,,
3/2/2020,9,Cataluña,15,,,
3/3/2020,9,Cataluña,15,,,
3/4/2020,9,Cataluña,15,,,
3/5/2020,9,Cataluña,24,,,
3/6/2020,9,Cataluña,24,,,
3/7/2020,9,Cataluña,24,,,
3/8/2020,9,Cataluña,49,,,
3/9/2020,9,Cataluña,59,16,5,2
3/10/2020,9,Cataluña,82,31,7,5
3/11/2020,9,Cataluña,123,50,8,6
3/12/2020,9,Cataluña,202,74,16,12
3/13/2020,9,Cataluña,349,137,22,19
3/14/2020,9,Cataluña,558,200,29,32
3/15/2020,9,Cataluña,742,287,40,39
3/16/2020,9,Cataluña,1017,375,52,45
3/17/2020,9,Cataluña,1414,525,73,58
3/18/2020,9,Cataluña,1866,679,101,79
3/19/2020,9,Cataluña,2702,825,118,103
3/20/2020,9,Cataluña,3270,994,175,147
3/21/2020,9,Cataluña,4203,1681,271,192
3/22/2020,9,Cataluña,5046,1917,290,247
3/23/2020,9,Cataluña,5747,2158,308,402
3/24/2020,9,Cataluña,7864,3209,471,631
3/25/2020,9,Cataluña,9937,4349,713,961
3/26/2020,9,Cataluña,11592,5371,764,1008
3/27/2020,9,Cataluña,12940,6714,972,1482
3/28/2020,9,Cataluña,14263,7954,1036,1717
3/29/2020,9,Cataluña,15025,8447,1080,1966
3/30/2020,9,Cataluña,16104,9126,1150,2168
3/31/2020,9,Cataluña,18520,9925,1218,2633
4/1/2020,9,Cataluña,19991,11446,1345,3077
4/2/2020,9,Cataluña,21804,12398,1415,3683
4/3/2020,9,Cataluña,23460,13101,1482,3876
4/4/2020,9,Cataluña,24734,14251,1569,4589
4/5/2020,9,Cataluña,26032,14798,1653,5149
4/6/2020,9,Cataluña,26824,15258,1685,5374
4/7/2020,9,Cataluña,28323,15643,1740,6150
4/8/2020,9,Cataluña,29647,16235,1829,7320
4/9/2020,9,Cataluña,31043,16970,1946,8014
4/10/2020,9,Cataluña,31824,17780,1966,8705
4/11/2020,9,Cataluña,32984,18194,1989,9267
4/12/2020,9,Cataluña,34027,18772,2018,9610
4/13/2020,9,Cataluña,34726,18963,2084,10040
4/14/2020,9,Cataluña,35197,19224,2102,10387
4/15/2020,9,Cataluña,36505,20264,2189,11480
4/16/2020,9,Cataluña,37354,20553,2252,11961
4/17/2020,9,Cataluña,38316,21242,2305,12787
4/18/2020,9,Cataluña,40095,22013,2349,13275
4/19/2020,9,Cataluña,40600,22235,2395,13691
4/20/2020,9,Cataluña,42703,22375,2409,13934
4/21/2020,9,Cataluña,44139,22796,2437,14446
4/22/2020,9,Cataluña,44829,23295,2460,15089
4/23/2020,9,Cataluña,45919,23647,2478,15477
4/24/2020,9,Cataluña,46571,24130,2569,16138
4/25/2020,9,Cataluña,47288,24130,2576,16753
4/26/2020,9,Cataluña,47838,25665,2583,17006
4/27/2020,9,Cataluña,48782,25799,2724,17897
4/28/2020,9,Cataluña,49185,26230,2750,18319
4/29/2020,9,Cataluña,49681,26546,2768,19060
4/30/2020,9,Cataluña,49943,26763,2784,19615
5/1/2020,9,Cataluña,50334,26932,2795,19640
5/2/2020,9,Cataluña,50877,27049,2811,19913
5/3/2020,9,Cataluña,51261,27257,2844,20332
5/4/2020,9,Cataluña,51393,27321,2847,21898
5/5/2020,9,Cataluña,51798,27745,2856,22553
5/6/2020,9,Cataluña,52090,28085,2871,22881
5/7/2020,9,Cataluña,52505,28248,2891,23231
5/8/2020,9,Cataluña,53209,28608,2949,23664
5/9/2020,9,Cataluña,53578,28687,2983,24063
5/10/2020,9,Cataluña,53805,28784,2991,24349
5/11/2020,9,Cataluña,56450,28820,2995,24454
5/12/2020,9,Cataluña,56787,29138,2995,24966
5/13/2020,9,Cataluña,56930,29267,3034,25326
5/14/2020,9,Cataluña,56956,29305,3048,25849
5/15/2020,9,Cataluña,57205,29339,3049,25904
5/16/2020,9,Cataluña,57351,29339,3049,26067
5/17/2020,9,Cataluña,57467,29449,3062,26172
2/21/2020,18,Ceuta,0,,,
2/22/2020,18,Ceuta,0,,,
2/23/2020,18,Ceuta,0,,,
2/24/2020,18,Ceuta,0,,,
2/25/2020,18,Ceuta,0,,,
2/26/2020,18,Ceuta,0,,,
2/27/2020,18,Ceuta,0,,,
2/28/2020,18,Ceuta,0,,,
2/29/2020,18,Ceuta,0,,,
3/1/2020,18,Ceuta,0,,,
3/2/2020,18,Ceuta,0,,,
3/3/2020,18,Ceuta,0,,,
3/4/2020,18,Ceuta,0,,,
3/5/2020,18,Ceuta,0,,,
3/6/2020,18,Ceuta,0,,,
3/7/2020,18,Ceuta,0,,,
3/8/2020,18,Ceuta,0,,,
3/9/2020,18,Ceuta,0,,0,
3/10/2020,18,Ceuta,0,,0,
3/11/2020,18,Ceuta,0,0,0,0
3/12/2020,18,Ceuta,0,0,0,0
3/13/2020,18,Ceuta,0,0,0,0
3/14/2020,18,Ceuta,0,0,0,0
3/15/2020,18,Ceuta,1,0,0,0
3/16/2020,18,Ceuta,1,0,0,0
3/17/2020,18,Ceuta,1,0,0,0
3/18/2020,18,Ceuta,1,0,0,0
3/19/2020,18,Ceuta,1,0,0,0
3/20/2020,18,Ceuta,5,0,0,0
3/21/2020,18,Ceuta,5,0,0,0
3/22/2020,18,Ceuta,5,0,0,0
3/23/2020,18,Ceuta,6,0,0,0
3/24/2020,18,Ceuta,6,0,0,0
3/25/2020,18,Ceuta,9,2,1,0
3/26/2020,18,Ceuta,10,2,2,0
3/27/2020,18,Ceuta,17,2,2,0
3/28/2020,18,Ceuta,17,2,2,0
3/29/2020,18,Ceuta,21,2,2,0
3/30/2020,18,Ceuta,25,2,2,0
3/31/2020,18,Ceuta,34,3,3,0
4/1/2020,18,Ceuta,51,6,3,0
4/2/2020,18,Ceuta,55,7,3,0
4/3/2020,18,Ceuta,62,8,3,2
4/4/2020,18,Ceuta,73,8,4,2
4/5/2020,18,Ceuta,83,9,4,2
4/6/2020,18,Ceuta,83,9,4,2
4/7/2020,18,Ceuta,83,9,4,2
4/8/2020,18,Ceuta,84,9,4,7
4/9/2020,18,Ceuta,84,9,4,7
4/10/2020,18,Ceuta,91,9,4,12
4/11/2020,18,Ceuta,93,9,4,17
4/12/2020,18,Ceuta,93,9,4,17
4/13/2020,18,Ceuta,95,9,4,20
4/14/2020,18,Ceuta,96,9,4,22
4/15/2020,18,Ceuta,98,9,4,30
4/16/2020,18,Ceuta,100,9,4,41
4/17/2020,18,Ceuta,101,9,4,44
4/18/2020,18,Ceuta,111,9,4,53
4/19/2020,18,Ceuta,112,9,4,59
4/20/2020,18,Ceuta,114,9,4,74
4/21/2020,18,Ceuta,114,9,4,73
4/22/2020,18,Ceuta,124,9,4,76
4/23/2020,18,Ceuta,124,9,4,76
4/24/2020,18,Ceuta,125,10,4,84
4/25/2020,18,Ceuta,125,10,4,98
4/26/2020,18,Ceuta,131,10,4,104
4/27/2020,18,Ceuta,131,10,4,107
4/28/2020,18,Ceuta,134,10,4,110
4/29/2020,18,Ceuta,139,10,4,114
4/30/2020,18,Ceuta,146,10,4,126
5/1/2020,18,Ceuta,151,10,4,138
5/2/2020,18,Ceuta,152,10,4,140
5/3/2020,18,Ceuta,152,10,4,141
5/4/2020,18,Ceuta,152,10,4,142
5/5/2020,18,Ceuta,155,10,4,145
5/6/2020,18,Ceuta,164,10,4,150
5/7/2020,18,Ceuta,165,10,4,150
5/8/2020,18,Ceuta,168,11,4,154
5/9/2020,18,Ceuta,169,11,4,154
5/10/2020,18,Ceuta,169,11,4,154
5/11/2020,18,Ceuta,169,11,4,154
5/12/2020,18,Ceuta,173,11,4,154
5/13/2020,18,Ceuta,173,11,4,156
5/14/2020,18,Ceuta,175,11,4,159
5/15/2020,18,Ceuta,175,11,4,160
5/16/2020,18,Ceuta,175,11,4,163
5/17/2020,18,Ceuta,175,11,4,163
2/21/2020,10,C. Valenciana,0,26,0,
2/22/2020,10,C. Valenciana,0,30,1,
2/23/2020,10,C. Valenciana,0,33,1,
2/24/2020,10,C. Valenciana,0,38,2,
2/25/2020,10,C. Valenciana,0,49,2,
2/26/2020,10,C. Valenciana,1,58,2,
2/27/2020,10,C. Valenciana,2,63,3,
2/28/2020,10,C. Valenciana,8,73,3,
2/29/2020,10,C. Valenciana,10,78,3,
3/1/2020,10,C. Valenciana,15,85,3,
3/2/2020,10,C. Valenciana,15,88,3,
3/3/2020,10,C. Valenciana,15,93,3,
3/4/2020,10,C. Valenciana,19,105,5,
3/5/2020,10,C. Valenciana,19,117,6,
3/6/2020,10,C. Valenciana,30,130,8,
3/7/2020,10,C. Valenciana,30,138,8,
3/8/2020,10,C. Valenciana,37,146,9,
3/9/2020,10,C. Valenciana,37,153,9,1
3/10/2020,10,C. Valenciana,50,171,10,1
3/11/2020,10,C. Valenciana,65,200,12,1
3/12/2020,10,C. Valenciana,76,232,15,1
3/13/2020,10,C. Valenciana,94,271,22,2
3/14/2020,10,C. Valenciana,130,307,29,2
3/15/2020,10,C. Valenciana,409,339,37,2
3/16/2020,10,C. Valenciana,409,390,47,2
3/17/2020,10,C. Valenciana,541,456,52,12
3/18/2020,10,C. Valenciana,726,530,65,16
3/19/2020,10,C. Valenciana,921,647,85,19
3/20/2020,10,C. Valenciana,1105,777,101,20
3/21/2020,10,C. Valenciana,1363,947,129,25
3/22/2020,10,C. Valenciana,1604,1136,152,30
3/23/2020,10,C. Valenciana,1901,1311,181,36
3/24/2020,10,C. Valenciana,2167,1562,222,37
3/25/2020,10,C. Valenciana,2616,1842,255,44
3/26/2020,10,C. Valenciana,3200,2097,289,57
3/27/2020,10,C. Valenciana,3532,2357,325,73
3/28/2020,10,C. Valenciana,4034,2606,348,92
3/29/2020,10,C. Valenciana,4784,2773,375,161
3/30/2020,10,C. Valenciana,5110,2914,393,185
3/31/2020,10,C. Valenciana,5508,3111,416,200
4/1/2020,10,C. Valenciana,5922,3253,434,240
4/2/2020,10,C. Valenciana,6308,3389,449,432
4/3/2020,10,C. Valenciana,6624,3492,460,592
4/4/2020,10,C. Valenciana,6901,3560,470,695
4/5/2020,10,C. Valenciana,7184,3620,478,812
4/6/2020,10,C. Valenciana,7334,3668,487,930
4/7/2020,10,C. Valenciana,7443,3698,492,1103
4/8/2020,10,C. Valenciana,7655,3713,496,1344
4/9/2020,10,C. Valenciana,7964,3815,541,1772
4/10/2020,10,C. Valenciana,8331,3987,561,2085
4/11/2020,10,C. Valenciana,8578,4132,565,2289
4/12/2020,10,C. Valenciana,8841,4149,567,2624
4/13/2020,10,C. Valenciana,9060,4269,576,2803
4/14/2020,10,C. Valenciana,9213,4397,581,3069
4/15/2020,10,C. Valenciana,9424,4465,588,3360
4/16/2020,10,C. Valenciana,9615,4524,625,3702
4/17/2020,10,C. Valenciana,9783,4605,632,4024
4/18/2020,10,C. Valenciana,10117,4708,636,4306
4/19/2020,10,C. Valenciana,10250,4781,643,4547
4/20/2020,10,C. Valenciana,10339,4827,646,4629
4/21/2020,10,C. Valenciana,10399,4866,648,4719
4/22/2020,10,C. Valenciana,10571,4896,649,5011
4/23/2020,10,C. Valenciana,10735,4917,650,5388
4/24/2020,10,C. Valenciana,10906,4945,651,5809
4/25/2020,10,C. Valenciana,11123,4978,653,6033
4/26/2020,10,C. Valenciana,11372,5013,654,6243
4/27/2020,10,C. Valenciana,11412,5032,656,6317
4/28/2020,10,C. Valenciana,11658,5046,659,6423
4/29/2020,10,C. Valenciana,11816,5072,662,6599
4/30/2020,10,C. Valenciana,12058,5096,663,6886
5/1/2020,10,C. Valenciana,12209,5126,694,7078
5/2/2020,10,C. Valenciana,12514,5153,695,7287
5/3/2020,10,C. Valenciana,12686,5181,698,7447
5/4/2020,10,C. Valenciana,12819,5204,700,7506
5/5/2020,10,C. Valenciana,12883,5214,701,7655
5/6/2020,10,C. Valenciana,13064,5225,701,7747
5/7/2020,10,C. Valenciana,13311,5252,704,8010
5/8/2020,10,C. Valenciana,13507,5287,706,8181
5/9/2020,10,C. Valenciana,13676,5317,709,8796
5/10/2020,10,C. Valenciana,13840,5354,716,8861
5/11/2020,10,C. Valenciana,13881,5355,716,8945
5/12/2020,10,C. Valenciana,13937,5360,717,9089
5/13/2020,10,C. Valenciana,14045,5370,717,9268
5/14/2020,10,C. Valenciana,14154,5389,717,9490
5/15/2020,10,C. Valenciana,14392,5415,721,9708
5/16/2020,10,C. Valenciana,14536,5435,722,9761
5/17/2020,10,C. Valenciana,14680,5454,723,9907
2/21/2020,11,Extremadura,0,,,
2/22/2020,11,Extremadura,0,,,
2/23/2020,11,Extremadura,0,,,
2/24/2020,11,Extremadura,0,,,
2/25/2020,11,Extremadura,0,,,
2/26/2020,11,Extremadura,0,,,
2/27/2020,11,Extremadura,0,,,
2/28/2020,11,Extremadura,0,,,
2/29/2020,11,Extremadura,0,,,
3/1/2020,11,Extremadura,4,,,
3/2/2020,11,Extremadura,6,,,
3/3/2020,11,Extremadura,6,,,
3/4/2020,11,Extremadura,6,,,
3/5/2020,11,Extremadura,6,,,
3/6/2020,11,Extremadura,6,,,
3/7/2020,11,Extremadura,6,,,
3/8/2020,11,Extremadura,6,,,
3/9/2020,11,Extremadura,7,,0,1
3/10/2020,11,Extremadura,8,,0,1
3/11/2020,11,Extremadura,9,2,1,1
3/12/2020,11,Extremadura,19,2,1,3
3/13/2020,11,Extremadura,39,3,1,3
3/14/2020,11,Extremadura,66,3,1,4
3/15/2020,11,Extremadura,95,8,1,4
3/16/2020,11,Extremadura,111,9,1,4
3/17/2020,11,Extremadura,153,18,2,5
3/18/2020,11,Extremadura,194,27,3,6
3/19/2020,11,Extremadura,241,36,3,6
3/20/2020,11,Extremadura,297,44,4,7
3/21/2020,11,Extremadura,354,65,6,8
3/22/2020,11,Extremadura,384,87,8,8
3/23/2020,11,Extremadura,493,131,13,8
3/24/2020,11,Extremadura,636,161,20,8
3/25/2020,11,Extremadura,742,209,28,8
3/26/2020,11,Extremadura,969,241,34,24
3/27/2020,11,Extremadura,1231,277,41,33
3/28/2020,11,Extremadura,1394,312,40,49
3/29/2020,11,Extremadura,1456,313,41,51
3/30/2020,11,Extremadura,1560,353,43,60
3/31/2020,11,Extremadura,1628,371,51,91
4/1/2020,11,Extremadura,1679,372,58,113
4/2/2020,11,Extremadura,1837,412,62,139
4/3/2020,11,Extremadura,1893,415,64,164
4/4/2020,11,Extremadura,1979,453,64,205
4/5/2020,11,Extremadura,2047,417,66,215
4/6/2020,11,Extremadura,2068,453,66,223
4/7/2020,11,Extremadura,2116,686,70,282
4/8/2020,11,Extremadura,2184,898,98,328
4/9/2020,11,Extremadura,2273,958,99,381
4/10/2020,11,Extremadura,2332,1003,101,397
4/11/2020,11,Extremadura,2486,1052,104,462
4/12/2020,11,Extremadura,2580,1074,106,481
4/13/2020,11,Extremadura,2658,1096,107,511
4/14/2020,11,Extremadura,2684,1114,107,578
4/15/2020,11,Extremadura,2762,1155,107,615
4/16/2020,11,Extremadura,2881,1186,107,649
4/17/2020,11,Extremadura,3019,1212,107,707
4/18/2020,11,Extremadura,3131,1240,107,736
4/19/2020,11,Extremadura,3192,1278,107,767
4/20/2020,11,Extremadura,3243,1306,107,858
4/21/2020,11,Extremadura,3243,1327,107,921
4/22/2020,11,Extremadura,3243,1349,107,1051
4/23/2020,11,Extremadura,3366,1375,107,1237
4/24/2020,11,Extremadura,3403,1413,107,1358
4/25/2020,11,Extremadura,3458,1447,107,1510
4/26/2020,11,Extremadura,3465,1480,107,1582
4/27/2020,11,Extremadura,3480,1490,107,1652
4/28/2020,11,Extremadura,3487,1505,107,1733
4/29/2020,11,Extremadura,3513,1526,107,1797
4/30/2020,11,Extremadura,3538,1550,108,1887
5/1/2020,11,Extremadura,3630,1565,108,1960
5/2/2020,11,Extremadura,3690,1592,108,2017
5/3/2020,11,Extremadura,3712,1603,108,2072
5/4/2020,11,Extremadura,3722,1618,108,2090
5/5/2020,11,Extremadura,3728,1629,108,2146
5/6/2020,11,Extremadura,3746,1650,108,2189
5/7/2020,11,Extremadura,3808,1664,108,2265
5/8/2020,11,Extremadura,3853,1678,109,2312
5/9/2020,11,Extremadura,3886,1695,109,2354
5/10/2020,11,Extremadura,3903,1711,109,2369
5/11/2020,11,Extremadura,3919,1725,109,2409
5/12/2020,11,Extremadura,3920,1737,109,2422
5/13/2020,11,Extremadura,3920,1754,109,2456
5/14/2020,11,Extremadura,3924,1761,109,2482
5/15/2020,11,Extremadura,3934,1772,109,2587
5/16/2020,11,Extremadura,3945,1772,109,2609
5/17/2020,11,Extremadura,3948,1775,110,2636
2/21/2020,12,Galicia,0,,,
2/22/2020,12,Galicia,0,,,
2/23/2020,12,Galicia,0,,,
2/24/2020,12,Galicia,0,,,
2/25/2020,12,Galicia,0,,,
2/26/2020,12,Galicia,0,,,
2/27/2020,12,Galicia,0,,,
2/28/2020,12,Galicia,0,,,
2/29/2020,12,Galicia,0,,,
3/1/2020,12,Galicia,0,,,
3/2/2020,12,Galicia,0,,,
3/3/2020,12,Galicia,0,,,
3/4/2020,12,Galicia,1,,,
3/5/2020,12,Galicia,1,,,
3/6/2020,12,Galicia,3,,,
3/7/2020,12,Galicia,3,,,
3/8/2020,12,Galicia,5,,,
3/9/2020,12,Galicia,6,,2,0
3/10/2020,12,Galicia,22,,2,0
3/11/2020,12,Galicia,35,7,2,0
3/12/2020,12,Galicia,35,7,2,0
3/13/2020,12,Galicia,85,15,6,0
3/14/2020,12,Galicia,115,32,6,3
3/15/2020,12,Galicia,195,32,6,4
3/16/2020,12,Galicia,245,49,8,4
3/17/2020,12,Galicia,292,49,12,4
3/18/2020,12,Galicia,341,63,17,4
3/19/2020,12,Galicia,453,100,24,4
3/20/2020,12,Galicia,578,138,34,5
3/21/2020,12,Galicia,739,168,40,6
3/22/2020,12,Galicia,915,227,50,16
3/23/2020,12,Galicia,1208,270,62,19
3/24/2020,12,Galicia,1415,338,78,19
3/25/2020,12,Galicia,1653,412,100,25
3/26/2020,12,Galicia,1915,503,107,47
3/27/2020,12,Galicia,2322,557,122,67
3/28/2020,12,Galicia,2772,906,141,95
3/29/2020,12,Galicia,3139,1043,159,153
3/30/2020,12,Galicia,3723,1147,176,168
3/31/2020,12,Galicia,4039,1250,189,187
4/1/2020,12,Galicia,4432,1338,203,259
4/2/2020,12,Galicia,4842,1447,212,333
4/3/2020,12,Galicia,5219,1630,219,435
4/4/2020,12,Galicia,5625,1767,229,531
4/5/2020,12,Galicia,5944,1831,237,587
4/6/2020,12,Galicia,6151,1916,245,610
4/7/2020,12,Galicia,6331,1968,253,688
4/8/2020,12,Galicia,6538,2014,256,800
4/9/2020,12,Galicia,6758,2094,260,910
4/10/2020,12,Galicia,6946,2165,263,997
4/11/2020,12,Galicia,7176,2215,264,1082
4/12/2020,12,Galicia,7336,2306,267,1143
4/13/2020,12,Galicia,7494,2344,275,1186
4/14/2020,12,Galicia,7597,2403,280,1240
4/15/2020,12,Galicia,7708,2471,282,1298
4/16/2020,12,Galicia,7873,2494,282,1383
4/17/2020,12,Galicia,8013,2535,290,1456
4/18/2020,12,Galicia,8084,2554,291,1507
4/19/2020,12,Galicia,8185,2590,294,1536
4/20/2020,12,Galicia,8299,2609,296,1548
4/21/2020,12,Galicia,8468,2652,296,1588
4/22/2020,12,Galicia,8634,2674,297,1625
4/23/2020,12,Galicia,8805,2694,298,1676
4/24/2020,12,Galicia,8932,2707,301,1730
4/25/2020,12,Galicia,9116,2717,302,1783
4/26/2020,12,Galicia,9176,2724,303,1803
4/27/2020,12,Galicia,9238,2728,304,1816
4/28/2020,12,Galicia,9328,2734,305,1841
4/29/2020,12,Galicia,9484,2736,308,5393
4/30/2020,12,Galicia,9579,2747,310,5573
5/1/2020,12,Galicia,9617,2759,313,5816
5/2/2020,12,Galicia,9652,2769,313,5981
5/3/2020,12,Galicia,9685,2774,315,6075
5/4/2020,12,Galicia,9707,2782,315,6234
5/5/2020,12,Galicia,9783,2792,317,6561
5/6/2020,12,Galicia,9996,2811,319,6802
5/7/2020,12,Galicia,10077,2833,320,6959
5/8/2020,12,Galicia,10221,2852,321,7138
5/9/2020,12,Galicia,10322,2876,323,7225
5/10/2020,12,Galicia,10370,2886,325,7347
5/11/2020,12,Galicia,10388,2902,326,7444
5/12/2020,12,Galicia,10449,2905,326,7820
5/13/2020,12,Galicia,10495,2909,327,7996
5/14/2020,12,Galicia,10545,2915,327,8157
5/15/2020,12,Galicia,10605,2921,332,8283
5/16/2020,12,Galicia,10934,2923,332,8820
5/17/2020,12,Galicia,10960,2926,332,9155
2/21/2020,13,Madrid,1,,,
2/22/2020,13,Madrid,1,,,
2/23/2020,13,Madrid,1,,,
2/24/2020,13,Madrid,1,,,
2/25/2020,13,Madrid,1,,,
2/26/2020,13,Madrid,2,,,
2/27/2020,13,Madrid,6,,,
2/28/2020,13,Madrid,10,,,
2/29/2020,13,Madrid,20,,,
3/1/2020,13,Madrid,27,,,
3/2/2020,13,Madrid,53,,,
3/3/2020,13,Madrid,96,,,
3/4/2020,13,Madrid,142,,,
3/5/2020,13,Madrid,200,,,
3/6/2020,13,Madrid,312,,,
3/7/2020,13,Madrid,516,,,
3/8/2020,13,Madrid,739,,,
3/9/2020,13,Madrid,1004,,53,
3/10/2020,13,Madrid,1509,,77,109
3/11/2020,13,Madrid,2214,0,102,157
3/12/2020,13,Madrid,2944,0,135,157
3/13/2020,13,Madrid,3731,1304,180,157
3/14/2020,13,Madrid,4671,1518,180,474
3/15/2020,13,Madrid,5574,2337,253,474
3/16/2020,13,Madrid,6389,2337,253,474
3/17/2020,13,Madrid,7648,3710,340,770
3/18/2020,13,Madrid,9596,3778,491,770
3/19/2020,13,Madrid,11350,5168,590,941
3/20/2020,13,Madrid,13393,6338,678,1186
3/21/2020,13,Madrid,15715,7388,767,1542
3/22/2020,13,Madrid,17389,8441,834,1899
3/23/2020,13,Madrid,18892,9561,942,2063
3/24/2020,13,Madrid,21562,10443,1050,2291
3/25/2020,13,Madrid,24465,11153,1150,3031
3/26/2020,13,Madrid,27410,12440,1221,3882
3/27/2020,13,Madrid,30783,13580,1312,5044
3/28/2020,13,Madrid,33149,14211,1404,6326
3/29/2020,13,Madrid,34174,14454,1429,7491
3/30/2020,13,Madrid,35046,14917,1460,8301
3/31/2020,13,Madrid,37592,15140,1514,9330
4/1/2020,13,Madrid,39392,15227,1514,10827
4/2/2020,13,Madrid,41179,15227,1528,12400
4/3/2020,13,Madrid,43015,15050,1506,13850
4/4/2020,13,Madrid,44756,14741,1498,15362
4/5/2020,13,Madrid,45647,14551,1499,16543
4/6/2020,13,Madrid,46173,14501,1510,17322
4/7/2020,13,Madrid,47736,13950,1494,18410
4/8/2020,13,Madrid,49126,13289,1450,19836
4/9/2020,13,Madrid,50542,12853,1433,21121
4/10/2020,13,Madrid,51491,12432,1399,22414
4/11/2020,13,Madrid,52353,11894,1376,23663
4/12/2020,13,Madrid,52894,11424,1332,24683
4/13/2020,13,Madrid,53235,11233,1327,25385
4/14/2020,13,Madrid,54230,10753,1299,26247
4/15/2020,13,Madrid,55333,10116,1244,27433
4/16/2020,13,Madrid,56235,9653,1206,28491
4/17/2020,13,Madrid,57073,9141,1154,29436
4/18/2020,13,Madrid,57889,8597,1094,30475
4/19/2020,13,Madrid,60849,8291,1123,31313
4/20/2020,13,Madrid,61244,8191,1111,31762
4/21/2020,13,Madrid,61873,7930,1076,32277
4/22/2020,13,Madrid,62790,7464,1024,33032
4/23/2020,13,Madrid,63909,7077,981,33645
4/24/2020,13,Madrid,64483,6601,949,34212
4/25/2020,13,Madrid,65150,6183,892,34902
4/26/2020,13,Madrid,65382,5892,873,35367
4/27/2020,13,Madrid,65842,39472,3309,35565
4/28/2020,13,Madrid,66616,39634,3338,35841
4/29/2020,13,Madrid,67283,39850,3355,36314
4/30/2020,13,Madrid,67738,40076,3377,36707
5/1/2020,13,Madrid,68147,40293,3392,37154
5/2/2020,13,Madrid,68286,40457,3404,37530
5/3/2020,13,Madrid,68403,40597,3421,37704
5/4/2020,13,Madrid,68515,40741,3431,37808
5/5/2020,13,Madrid,68919,40851,3442,38002
5/6/2020,13,Madrid,69244,41031,3465,38331
5/7/2020,13,Madrid,69623,41159,3485,38670
5/8/2020,13,Madrid,69855,41304,3493,38975
5/9/2020,13,Madrid,70132,41436,3508,39227
5/10/2020,13,Madrid,70238,41559,3520,39529
5/11/2020,13,Madrid,70292,41650,3529,39604
5/12/2020,13,Madrid,70482,41735,3543,39751
5/13/2020,13,Madrid,70796,41856,3555,39984
5/14/2020,13,Madrid,71040,41962,3564,40199
5/15/2020,13,Madrid,71334,42057,3574,40383
5/16/2020,13,Madrid,71625,42157,3577,40586
5/17/2020,13,Madrid,71631,42227,3584,40698
2/21/2020,19,Melilla,0,,,
2/22/2020,19,Melilla,0,,,
2/23/2020,19,Melilla,0,,,
2/24/2020,19,Melilla,0,,,
2/25/2020,19,Melilla,0,,,
2/26/2020,19,Melilla,0,,,
2/27/2020,19,Melilla,0,,,
2/28/2020,19,Melilla,0,,,
2/29/2020,19,Melilla,0,,,
3/1/2020,19,Melilla,0,,,
3/2/2020,19,Melilla,0,,,
3/3/2020,19,Melilla,0,,,
3/4/2020,19,Melilla,0,,,
3/5/2020,19,Melilla,0,,,
3/6/2020,19,Melilla,0,,,
3/7/2020,19,Melilla,0,,,
3/8/2020,19,Melilla,0,,,
3/9/2020,19,Melilla,0,,0,
3/10/2020,19,Melilla,0,,0,
3/11/2020,19,Melilla,0,0,0,0
3/12/2020,19,Melilla,0,0,0,0
3/13/2020,19,Melilla,2,3,0,0
3/14/2020,19,Melilla,3,3,0,0
3/15/2020,19,Melilla,8,4,0,0
3/16/2020,19,Melilla,8,4,0,0
3/17/2020,19,Melilla,17,4,0,0
3/18/2020,19,Melilla,20,4,0,0
3/19/2020,19,Melilla,23,4,0,0
3/20/2020,19,Melilla,24,5,1,0
3/21/2020,19,Melilla,25,8,1,0
3/22/2020,19,Melilla,25,12,1,0
3/23/2020,19,Melilla,28,12,1,0
3/24/2020,19,Melilla,28,12,1,0
3/25/2020,19,Melilla,38,14,2,0
3/26/2020,19,Melilla,39,16,2,0
3/27/2020,19,Melilla,42,18,2,0
3/28/2020,19,Melilla,45,22,2,0
3/29/2020,19,Melilla,48,24,2,0
3/30/2020,19,Melilla,51,27,3,0
3/31/2020,19,Melilla,54,27,3,0
4/1/2020,19,Melilla,62,32,3,0
4/2/2020,19,Melilla,62,32,3,0
4/3/2020,19,Melilla,70,34,3,4
4/4/2020,19,Melilla,79,37,3,9
4/5/2020,19,Melilla,83,38,3,11
4/6/2020,19,Melilla,86,38,3,11
4/7/2020,19,Melilla,92,40,3,11
4/8/2020,19,Melilla,93,40,3,12
4/9/2020,19,Melilla,93,40,3,16
4/10/2020,19,Melilla,95,41,3,17
4/11/2020,19,Melilla,98,43,3,18
4/12/2020,19,Melilla,98,43,3,18
4/13/2020,19,Melilla,101,43,3,18
4/14/2020,19,Melilla,101,43,3,18
4/15/2020,19,Melilla,102,43,3,24
4/16/2020,19,Melilla,103,43,3,27
4/17/2020,19,Melilla,104,44,3,30
4/18/2020,19,Melilla,104,44,3,30
4/19/2020,19,Melilla,107,44,3,44
4/20/2020,19,Melilla,109,44,3,46
4/21/2020,19,Melilla,110,44,3,46
4/22/2020,19,Melilla,111,44,3,50
4/23/2020,19,Melilla,113,44,3,55
4/24/2020,19,Melilla,116,44,3,61
4/25/2020,19,Melilla,118,44,3,77
4/26/2020,19,Melilla,121,44,3,81
4/27/2020,19,Melilla,121,44,3,87
4/28/2020,19,Melilla,125,44,3,92
4/29/2020,19,Melilla,125,44,3,95
4/30/2020,19,Melilla,125,44,3,96
5/1/2020,19,Melilla,126,44,3,96
5/2/2020,19,Melilla,126,44,3,96
5/3/2020,19,Melilla,129,44,3,98
5/4/2020,19,Melilla,131,44,3,101
5/5/2020,19,Melilla,131,44,3,101
5/6/2020,19,Melilla,131,44,3,104
5/7/2020,19,Melilla,132,44,3,108
5/8/2020,19,Melilla,132,44,3,108
5/9/2020,19,Melilla,132,44,3,108
5/10/2020,19,Melilla,132,44,3,111
5/11/2020,19,Melilla,132,44,3,113
5/12/2020,19,Melilla,132,44,3,115
5/13/2020,19,Melilla,132,44,3,115
5/14/2020,19,Melilla,132,44,3,119
5/15/2020,19,Melilla,132,44,3,119
5/16/2020,19,Melilla,132,44,3,122
5/17/2020,19,Melilla,134,44,3,124
2/21/2020,14,Murcia,0,,,
2/22/2020,14,Murcia,0,,,
2/23/2020,14,Murcia,0,,,
2/24/2020,14,Murcia,0,,,
2/25/2020,14,Murcia,0,,,
2/26/2020,14,Murcia,0,,,
2/27/2020,14,Murcia,0,,,
2/28/2020,14,Murcia,0,,,
2/29/2020,14,Murcia,0,,,
3/1/2020,14,Murcia,0,,,
3/2/2020,14,Murcia,0,,,
3/3/2020,14,Murcia,0,,,
3/4/2020,14,Murcia,0,,,
3/5/2020,14,Murcia,0,,,
3/6/2020,14,Murcia,0,,,
3/7/2020,14,Murcia,0,,,
3/8/2020,14,Murcia,1,,,
3/9/2020,14,Murcia,4,,0,0
3/10/2020,14,Murcia,9,,0,0
3/11/2020,14,Murcia,11,4,0,0
3/12/2020,14,Murcia,26,5,1,0
3/13/2020,14,Murcia,35,8,2,0
3/14/2020,14,Murcia,47,8,2,0
3/15/2020,14,Murcia,71,13,2,0
3/16/2020,14,Murcia,77,13,2,1
3/17/2020,14,Murcia,97,18,3,1
3/18/2020,14,Murcia,122,22,4,1
3/19/2020,14,Murcia,167,36,6,1
3/20/2020,14,Murcia,204,47,11,1
3/21/2020,14,Murcia,240,61,14,1
3/22/2020,14,Murcia,296,78,16,1
3/23/2020,14,Murcia,345,80,23,1
3/24/2020,14,Murcia,385,99,26,1
3/25/2020,14,Murcia,477,127,33,4
3/26/2020,14,Murcia,596,172,36,9
3/27/2020,14,Murcia,714,209,53,12
3/28/2020,14,Murcia,802,231,58,12
3/29/2020,14,Murcia,872,260,58,16
3/30/2020,14,Murcia,939,265,58,17
3/31/2020,14,Murcia,974,283,59,20
4/1/2020,14,Murcia,1041,304,59,43
4/2/2020,14,Murcia,1084,389,68,45
4/3/2020,14,Murcia,1145,405,72,90
4/4/2020,14,Murcia,1188,434,79,113
4/5/2020,14,Murcia,1235,447,80,130
4/6/2020,14,Murcia,1259,468,81,156
4/7/2020,14,Murcia,1263,500,84,193
4/8/2020,14,Murcia,1305,515,86,203
4/9/2020,14,Murcia,1340,533,87,219
4/10/2020,14,Murcia,1367,533,88,255
4/11/2020,14,Murcia,1404,533,88,275
4/12/2020,14,Murcia,1436,537,91,344
4/13/2020,14,Murcia,1452,543,94,353
4/14/2020,14,Murcia,1479,566,96,476
4/15/2020,14,Murcia,1528,574,97,513
4/16/2020,14,Murcia,1590,575,97,516
4/17/2020,14,Murcia,1626,585,99,545
4/18/2020,14,Murcia,1647,611,102,638
4/19/2020,14,Murcia,1653,612,102,652
4/20/2020,14,Murcia,1659,612,103,662
4/21/2020,14,Murcia,1696,614,104,702
4/22/2020,14,Murcia,1717,622,104,761
4/23/2020,14,Murcia,1721,624,104,766
4/24/2020,14,Murcia,1741,625,105,791
4/25/2020,14,Murcia,1756,625,105,842
4/26/2020,14,Murcia,1771,627,106,920
4/27/2020,14,Murcia,1771,627,106,990
4/28/2020,14,Murcia,1793,629,106,1113
4/29/2020,14,Murcia,1840,635,106,1153
4/30/2020,14,Murcia,1894,637,108,1202
5/1/2020,14,Murcia,1960,638,109,1229
5/2/2020,14,Murcia,1966,639,110,1251
5/3/2020,14,Murcia,1974,641,110,1260
5/4/2020,14,Murcia,1974,645,110,1277
5/5/2020,14,Murcia,2051,650,111,1381
5/6/2020,14,Murcia,2133,650,111,1465
5/7/2020,14,Murcia,2192,652,111,1527
5/8/2020,14,Murcia,2252,659,113,1662
5/9/2020,14,Murcia,2263,662,113,1767
5/10/2020,14,Murcia,2329,662,113,1782
5/11/2020,14,Murcia,2332,665,113,1786
5/12/2020,14,Murcia,2333,665,112,1819
5/13/2020,14,Murcia,2398,666,112,1861
5/14/2020,14,Murcia,2437,672,112,1998
5/15/2020,14,Murcia,2477,675,112,2034
5/16/2020,14,Murcia,2546,676,112,2073
5/17/2020,14,Murcia,2566,676,112,2084
2/21/2020,15,Navarra,0,,,
2/22/2020,15,Navarra,0,,,
2/23/2020,15,Navarra,0,,,
2/24/2020,15,Navarra,0,,,
2/25/2020,15,Navarra,0,,,
2/26/2020,15,Navarra,0,,,
2/27/2020,15,Navarra,0,,,
2/28/2020,15,Navarra,0,,,
2/29/2020,15,Navarra,0,,,
3/1/2020,15,Navarra,1,,,
3/2/2020,15,Navarra,1,,,
3/3/2020,15,Navarra,1,,,
3/4/2020,15,Navarra,3,,,
3/5/2020,15,Navarra,3,,,
3/6/2020,15,Navarra,3,,,
3/7/2020,15,Navarra,3,,,
3/8/2020,15,Navarra,3,,,
3/9/2020,15,Navarra,3,,1,0
3/10/2020,15,Navarra,12,,2,0
3/11/2020,15,Navarra,46,10,3,0
3/12/2020,15,Navarra,73,17,3,0
3/13/2020,15,Navarra,130,28,4,0
3/14/2020,15,Navarra,146,28,4,0
3/15/2020,15,Navarra,183,34,4,0
3/16/2020,15,Navarra,274,58,5,0
3/17/2020,15,Navarra,313,72,10,0
3/18/2020,15,Navarra,386,93,10,0
3/19/2020,15,Navarra,482,132,11,0
3/20/2020,15,Navarra,554,172,19,1
3/21/2020,15,Navarra,664,222,25,1
3/22/2020,15,Navarra,794,288,30,4
3/23/2020,15,Navarra,886,339,40,7
3/24/2020,15,Navarra,1014,405,45,11
3/25/2020,15,Navarra,1197,506,51,23
3/26/2020,15,Navarra,1411,649,54,35
3/27/2020,15,Navarra,1641,732,75,70
3/28/2020,15,Navarra,1829,827,84,98
3/29/2020,15,Navarra,2011,896,90,125
3/30/2020,15,Navarra,2146,955,96,161
3/31/2020,15,Navarra,2305,1035,99,192
4/1/2020,15,Navarra,2497,1120,104,236
4/2/2020,15,Navarra,2682,1181,108,278
4/3/2020,15,Navarra,2836,1284,119,294
4/4/2020,15,Navarra,2972,1341,120,311
4/5/2020,15,Navarra,3073,1399,123,334
4/6/2020,15,Navarra,3231,1432,124,380
4/7/2020,15,Navarra,3355,1488,124,421
4/8/2020,15,Navarra,3467,1526,124,450
4/9/2020,15,Navarra,3575,1526,124,462
4/10/2020,15,Navarra,3748,1620,124,560
4/11/2020,15,Navarra,3817,1641,124,603
4/12/2020,15,Navarra,3969,1663,124,650
4/13/2020,15,Navarra,4092,1693,124,695
4/14/2020,15,Navarra,4150,1705,124,730
4/15/2020,15,Navarra,4246,1731,124,808
4/16/2020,15,Navarra,4348,1752,124,845
4/17/2020,15,Navarra,4433,1781,124,892
4/18/2020,15,Navarra,4579,1829,127,954
4/19/2020,15,Navarra,4656,1843,127,992
4/20/2020,15,Navarra,4735,1856,128,1123
4/21/2020,15,Navarra,4831,1877,128,1190
4/22/2020,15,Navarra,4958,1894,128,1316
4/23/2020,15,Navarra,5063,1907,129,1445
4/24/2020,15,Navarra,5180,1915,129,1552
4/25/2020,15,Navarra,5274,1937,129,1737
4/26/2020,15,Navarra,5452,1942,129,1835
4/27/2020,15,Navarra,5486,1942,130,1918
4/28/2020,15,Navarra,5630,1945,130,1978
4/29/2020,15,Navarra,5884,1951,130,2082
4/30/2020,15,Navarra,6140,1965,132,2113
5/1/2020,15,Navarra,6337,1977,132,2185
5/2/2020,15,Navarra,6411,1979,132,2281
5/3/2020,15,Navarra,6427,1986,133,2411
5/4/2020,15,Navarra,6447,1990,133,2494
5/5/2020,15,Navarra,6561,1995,134,2562
5/6/2020,15,Navarra,6770,2005,135,2628
5/7/2020,15,Navarra,7010,2015,135,2732
5/8/2020,15,Navarra,7227,2015,135,2827
5/9/2020,15,Navarra,7442,2021,135,2917
5/10/2020,15,Navarra,7455,2023,135,3014
5/11/2020,15,Navarra,7486,2029,135,3070
5/12/2020,15,Navarra,7637,2039,135,3155
5/13/2020,15,Navarra,7752,2042,135,3297
5/14/2020,15,Navarra,7891,2045,135,3400
5/15/2020,15,Navarra,8082,2045,136,3550
5/16/2020,15,Navarra,8235,2045,136,3658
5/17/2020,15,Navarra,8293,2045,136,3751
2/21/2020,16,País Vasco,0,,,
2/22/2020,16,País Vasco,0,,,
2/23/2020,16,País Vasco,0,,,
2/24/2020,16,País Vasco,0,,,
2/25/2020,16,País Vasco,0,,,
2/26/2020,16,País Vasco,0,,,
2/27/2020,16,País Vasco,0,,,
2/28/2020,16,País Vasco,0,,,
2/29/2020,16,País Vasco,2,,,
3/1/2020,16,País Vasco,3,,,
3/2/2020,16,País Vasco,9,,,
3/3/2020,16,País Vasco,13,,,
3/4/2020,16,País Vasco,17,,,
3/5/2020,16,País Vasco,17,,,
3/6/2020,16,País Vasco,45,,,
3/7/2020,16,País Vasco,45,,,
3/8/2020,16,País Vasco,70,,,
3/9/2020,16,País Vasco,149,,5,2
3/10/2020,16,País Vasco,195,,5,2
3/11/2020,16,País Vasco,225,102,15,2
3/12/2020,16,País Vasco,346,146,18,2
3/13/2020,16,País Vasco,417,179,20,2
3/14/2020,16,País Vasco,521,179,22,5
3/15/2020,16,País Vasco,630,262,29,5
3/16/2020,16,País Vasco,630,262,29,5
3/17/2020,16,País Vasco,765,309,33,11
3/18/2020,16,País Vasco,973,353,37,14
3/19/2020,16,País Vasco,1190,455,44,18
3/20/2020,16,País Vasco,1465,550,53,21
3/21/2020,16,País Vasco,1725,654,71,165
3/22/2020,16,País Vasco,2097,988,81,216
3/23/2020,16,País Vasco,2421,1252,92,283
3/24/2020,16,País Vasco,2728,1425,106,344
3/25/2020,16,País Vasco,3271,1577,119,466
3/26/2020,16,País Vasco,3946,1907,137,621
3/27/2020,16,País Vasco,4601,2270,154,814
3/28/2020,16,País Vasco,5136,2612,176,1023
3/29/2020,16,País Vasco,5740,3106,271,1503
3/30/2020,16,País Vasco,6057,3427,293,1646
3/31/2020,16,País Vasco,6320,3594,307,1796
4/1/2020,16,País Vasco,6838,3806,324,2165
4/2/2020,16,País Vasco,7317,4087,344,2490
4/3/2020,16,País Vasco,7827,4283,363,2809
4/4/2020,16,País Vasco,8187,4522,377,3098
4/5/2020,16,País Vasco,8628,4666,404,3405
4/6/2020,16,País Vasco,8810,4794,410,3568
4/7/2020,16,País Vasco,9021,4856,417,3728
4/8/2020,16,País Vasco,9452,4982,430,4151
4/9/2020,16,País Vasco,9806,5130,433,4514
4/10/2020,16,País Vasco,10103,5290,442,4680
4/11/2020,16,País Vasco,10515,5402,453,4741
4/12/2020,16,País Vasco,10772,5547,459,4867
4/13/2020,16,País Vasco,11018,5622,464,5026
4/14/2020,16,País Vasco,11226,5679,470,5193
4/15/2020,16,País Vasco,11475,5750,471,5428
4/16/2020,16,País Vasco,11790,5863,478,5813
4/17/2020,16,País Vasco,12089,5939,484,6144
4/18/2020,16,País Vasco,12355,6030,490,6556
4/19/2020,16,País Vasco,12569,6086,499,6972
4/20/2020,16,País Vasco,12628,6109,501,7124
4/21/2020,16,País Vasco,12810,6141,507,7277
4/22/2020,16,País Vasco,13044,6201,513,7651
4/23/2020,16,País Vasco,13436,6260,516,8136
4/24/2020,16,País Vasco,13780,6315,518,8459
4/25/2020,16,País Vasco,14132,6375,525,8941
4/26/2020,16,País Vasco,14315,6426,533,9602
4/27/2020,16,País Vasco,14412,6457,538,9840
4/28/2020,16,País Vasco,14804,6482,539,9974
4/29/2020,16,País Vasco,15138,6522,540,10474
4/30/2020,16,País Vasco,15519,6561,541,10936
5/1/2020,16,País Vasco,15969,6607,544,11380
5/2/2020,16,País Vasco,16119,6659,551,11805
5/3/2020,16,País Vasco,16197,6692,553,12024
5/4/2020,16,País Vasco,16246,6719,554,12155
5/5/2020,16,País Vasco,16426,6736,556,12251
5/6/2020,16,País Vasco,16679,6781,559,12749
5/7/2020,16,País Vasco,16959,6797,561,13070
5/8/2020,16,País Vasco,17286,6818,566,13540
5/9/2020,16,País Vasco,17553,6865,568,13985
5/10/2020,16,País Vasco,17677,6902,571,14646
5/11/2020,16,País Vasco,17709,6922,573,14718
5/12/2020,16,País Vasco,17840,6929,574,14913
5/13/2020,16,País Vasco,18095,6955,575,14986
5/14/2020,16,País Vasco,18100,6994,577,15256
5/15/2020,16,País Vasco,18138,7009,578,15256
5/16/2020,16,País Vasco,18607,7011,578,15678
5/17/2020,16,País Vasco,18733,7015,578,16028
2/21/2020,17,La Rioja,0,,,
2/22/2020,17,La Rioja,0,,,
2/23/2020,17,La Rioja,0,,,
2/24/2020,17,La Rioja,0,,,
2/25/2020,17,La Rioja,0,,,
2/26/2020,17,La Rioja,0,,,
2/27/2020,17,La Rioja,0,,,
2/28/2020,17,La Rioja,0,,,
2/29/2020,17,La Rioja,0,,,
3/1/2020,17,La Rioja,0,,,
3/2/2020,17,La Rioja,1,,,
3/3/2020,17,La Rioja,2,,,
3/4/2020,17,La Rioja,7,,,
3/5/2020,17,La Rioja,17,,,
3/6/2020,17,La Rioja,29,,,
3/7/2020,17,La Rioja,47,,,
3/8/2020,17,La Rioja,70,,,
3/9/2020,17,La Rioja,102,,1,0
3/10/2020,17,La Rioja,155,,1,0
3/11/2020,17,La Rioja,185,13,1,1
3/12/2020,17,La Rioja,220,21,1,1
3/13/2020,17,La Rioja,259,27,2,1
3/14/2020,17,La Rioja,292,38,2,1
3/15/2020,17,La Rioja,300,58,7,1
3/16/2020,17,La Rioja,312,64,13,2
3/17/2020,17,La Rioja,355,82,13,2
3/18/2020,17,La Rioja,419,99,13,2
3/19/2020,17,La Rioja,468,121,15,2
3/20/2020,17,La Rioja,497,122,15,13
3/21/2020,17,La Rioja,564,128,17,18
3/22/2020,17,La Rioja,654,134,17,18
3/23/2020,17,La Rioja,747,166,22,18
3/24/2020,17,La Rioja,802,206,24,24
3/25/2020,17,La Rioja,928,254,33,43
3/26/2020,17,La Rioja,995,316,36,48
3/27/2020,17,La Rioja,1236,388,43,62
3/28/2020,17,La Rioja,1436,458,43,364
3/29/2020,17,La Rioja,1629,497,43,397
3/30/2020,17,La Rioja,1733,517,43,431
3/31/2020,17,La Rioja,1810,575,51,496
4/1/2020,17,La Rioja,1960,619,54,569
4/2/2020,17,La Rioja,2083,660,57,641
4/3/2020,17,La Rioja,2224,738,64,745
4/4/2020,17,La Rioja,2405,805,64,843
4/5/2020,17,La Rioja,2592,855,66,904
4/6/2020,17,La Rioja,2719,888,66,964
4/7/2020,17,La Rioja,2846,918,66,994
4/8/2020,17,La Rioja,2951,955,68,1061
4/9/2020,17,La Rioja,3026,997,69,1172
4/10/2020,17,La Rioja,3076,1047,71,1256
4/11/2020,17,La Rioja,3496,1082,73,1337
4/12/2020,17,La Rioja,3596,1122,73,1420
4/13/2020,17,La Rioja,3675,1141,73,1458
4/14/2020,17,La Rioja,3749,1152,74,1519
4/15/2020,17,La Rioja,3831,1182,75,1582
4/16/2020,17,La Rioja,3916,1207,75,1654
4/17/2020,17,La Rioja,4098,1226,76,1729
4/18/2020,17,La Rioja,4250,1249,78,1777
4/19/2020,17,La Rioja,4330,1268,79,1816
4/20/2020,17,La Rioja,4371,1282,79,1833
4/21/2020,17,La Rioja,4483,1297,81,1866
4/22/2020,17,La Rioja,4586,1318,81,1899
4/23/2020,17,La Rioja,4727,1331,82,1937
4/24/2020,17,La Rioja,4865,1344,82,1964
4/25/2020,17,La Rioja,4946,1360,83,1999
4/26/2020,17,La Rioja,4998,1380,84,2037
4/27/2020,17,La Rioja,5041,1392,85,2049
4/28/2020,17,La Rioja,5097,1400,87,2064
4/29/2020,17,La Rioja,5173,1413,87,2091
4/30/2020,17,La Rioja,5206,1424,88,2159
5/1/2020,17,La Rioja,5226,1433,88,2220
5/2/2020,17,La Rioja,5239,1439,88,2279
5/3/2020,17,La Rioja,5247,1446,88,2297
5/4/2020,17,La Rioja,5258,1449,88,2312
5/5/2020,17,La Rioja,5270,1452,90,2345
5/6/2020,17,La Rioja,5322,1458,91,2396
5/7/2020,17,La Rioja,5330,1463,91,2457
5/8/2020,17,La Rioja,5355,1469,91,2526
5/9/2020,17,La Rioja,5365,1473,91,2581
5/10/2020,17,La Rioja,5378,1474,91,2648
5/11/2020,17,La Rioja,5382,1475,91,2700
5/12/2020,17,La Rioja,5392,1478,91,2749
5/13/2020,17,La Rioja,5397,1481,91,2804
5/14/2020,17,La Rioja,5405,1484,91,2867
5/15/2020,17,La Rioja,5409,1488,91,2927
5/16/2020,17,La Rioja,5413,1490,91,2990
5/17/2020,17,La Rioja,5417,1496,91,3048
