date,code_number,CCAA,number_of_cases,hospitalized
2/21/2020,1,Andalucía,0,
2/22/2020,1,Andalucía,0,
2/23/2020,1,Andalucía,0,
2/24/2020,1,Andalucía,0,
2/25/2020,1,Andalucía,0,
2/26/2020,1,Andalucía,0,
2/27/2020,1,Andalucía,1,
2/28/2020,1,Andalucía,6,
2/29/2020,1,Andalucía,8,
3/1/2020,1,Andalucía,12,
3/2/2020,1,Andalucía,12,
3/3/2020,1,Andalucía,12,
3/4/2020,1,Andalucía,12,
3/5/2020,1,Andalucía,12,
3/6/2020,1,Andalucía,21,
3/7/2020,1,Andalucía,27,
3/8/2020,1,Andalucía,34,
3/9/2020,1,Andalucía,54,
3/10/2020,1,Andalucía,71,
3/11/2020,1,Andalucía,90,32
3/12/2020,1,Andalucía,115,50
3/13/2020,1,Andalucía,219,92
3/14/2020,1,Andalucía,269,92
3/15/2020,1,Andalucía,437,92
3/16/2020,1,Andalucía,554,197
3/17/2020,1,Andalucía,683,229
3/18/2020,1,Andalucía,859,319
3/19/2020,1,Andalucía,1008,384
3/20/2020,1,Andalucía,1287,501
3/21/2020,1,Andalucía,1515,605
3/22/2020,1,Andalucía,1725,724
3/23/2020,1,Andalucía,1961,865
3/24/2020,1,Andalucía,2470,1132
3/25/2020,1,Andalucía,3008,1433
3/26/2020,1,Andalucía,3404,1626
3/27/2020,1,Andalucía,3790,1843
3/28/2020,1,Andalucía,4271,2106
3/29/2020,1,Andalucía,4676,2294
3/30/2020,1,Andalucía,5398,2671
3/31/2020,1,Andalucía,5809,2867
4/1/2020,1,Andalucía,6379,3147
4/2/2020,1,Andalucía,6957,3444
4/3/2020,1,Andalucía,7353,3673
4/4/2020,1,Andalucía,7847,3896
4/5/2020,1,Andalucía,8279,4107
4/6/2020,1,Andalucía,8559,4227
4/7/2020,1,Andalucía,8743,4335
4/8/2020,1,Andalucía,8973,4463
4/9/2020,1,Andalucía,9234,4599
4/10/2020,1,Andalucía,9482,4715
4/11/2020,1,Andalucía,9682,4808
4/12/2020,1,Andalucía,9976,4950
4/13/2020,1,Andalucía,10062,4993
4/14/2020,1,Andalucía,10283,5054
4/15/2020,1,Andalucía,10561,5147
4/16/2020,1,Andalucía,10773,5226
4/17/2020,1,Andalucía,11018,5298
4/18/2020,1,Andalucía,11168,5341
4/19/2020,1,Andalucía,11389,5424
4/20/2020,1,Andalucía,11518,5473
4/21/2020,1,Andalucía,11648,5509
4/22/2020,1,Andalucía,11879,5565
4/23/2020,1,Andalucía,12195,5616
4/24/2020,1,Andalucía,12449,5675
4/25/2020,1,Andalucía,12774,5715
4/26/2020,1,Andalucía,12972,5747
4/27/2020,1,Andalucía,13108,5767
4/28/2020,1,Andalucía,13195,5792
4/29/2020,1,Andalucía,13445,5831
4/30/2020,1,Andalucía,13624,5873
5/1/2020,1,Andalucía,13881,5935
5/2/2020,1,Andalucía,14128,5961
5/3/2020,1,Andalucía,14251,5961
5/4/2020,1,Andalucía,14311,5973
5/5/2020,1,Andalucía,14351,5983
5/6/2020,1,Andalucía,14593,6012
5/7/2020,1,Andalucía,14824,6027
5/8/2020,1,Andalucía,15002,6038
5/9/2020,1,Andalucía,15180,6069
5/10/2020,1,Andalucía,15355,6080
5/11/2020,1,Andalucía,15422,6092
5/12/2020,1,Andalucía,15522,6101
5/13/2020,1,Andalucía,15629,6114
5/14/2020,1,Andalucía,15823,6128
5/15/2020,1,Andalucía,16068,6146
5/16/2020,1,Andalucía,16263,6161
5/17/2020,1,Andalucía,16432,6174
2/21/2020,2,Aragón,0,
2/22/2020,2,Aragón,0,
2/23/2020,2,Aragón,0,
2/24/2020,2,Aragón,0,
2/25/2020,2,Aragón,0,
2/26/2020,2,Aragón,0,
2/27/2020,2,Aragón,0,
2/28/2020,2,Aragón,0,
2/29/2020,2,Aragón,0,
3/1/2020,2,Aragón,0,
3/2/2020,2,Aragón,0,
3/3/2020,2,Aragón,0,
3/4/2020,2,Aragón,0,
3/5/2020,2,Aragón,1,
3/6/2020,2,Aragón,1,
3/7/2020,2,Aragón,5,
3/8/2020,2,Aragón,5,
3/9/2020,2,Aragón,7,
3/10/2020,2,Aragón,30,
3/11/2020,2,Aragón,38,22
3/12/2020,2,Aragón,45,28
3/13/2020,2,Aragón,64,30
3/14/2020,2,Aragón,80,42
3/15/2020,2,Aragón,121,59
3/16/2020,2,Aragón,147,64
3/17/2020,2,Aragón,207,74
3/18/2020,2,Aragón,226,81
3/19/2020,2,Aragón,281,101
3/20/2020,2,Aragón,360,127
3/21/2020,2,Aragón,424,192
3/22/2020,2,Aragón,532,241
3/23/2020,2,Aragón,638,298
3/24/2020,2,Aragón,758,384
3/25/2020,2,Aragón,907,459
3/26/2020,2,Aragón,1116,562
3/27/2020,2,Aragón,1338,693
3/28/2020,2,Aragón,1592,835
3/29/2020,2,Aragón,1858,835
3/30/2020,2,Aragón,2078,1094
3/31/2020,2,Aragón,2272,1176
4/1/2020,2,Aragón,2491,1234
4/2/2020,2,Aragón,2700,1320
4/3/2020,2,Aragón,2889,1431
4/4/2020,2,Aragón,3078,1505
4/5/2020,2,Aragón,3232,1588
4/6/2020,2,Aragón,3347,1637
4/7/2020,2,Aragón,3449,1663
4/8/2020,2,Aragón,3549,1716
4/9/2020,2,Aragón,3685,1765
4/10/2020,2,Aragón,3831,1822
4/11/2020,2,Aragón,3998,1860
4/12/2020,2,Aragón,4125,1901
4/13/2020,2,Aragón,4248,1938
4/14/2020,2,Aragón,4332,1966
4/15/2020,2,Aragón,4450,2006
4/16/2020,2,Aragón,4566,2108
4/17/2020,2,Aragón,4664,2151
4/18/2020,2,Aragón,4761,2180
4/19/2020,2,Aragón,4831,2216
4/20/2020,2,Aragón,4886,2244
4/21/2020,2,Aragón,4938,2271
4/22/2020,2,Aragón,5054,2304
4/23/2020,2,Aragón,5237,2340
4/24/2020,2,Aragón,5295,2359
4/25/2020,2,Aragón,5382,2372
4/26/2020,2,Aragón,5456,2395
4/27/2020,2,Aragón,5504,2403
4/28/2020,2,Aragón,5557,2425
4/29/2020,2,Aragón,5652,2454
4/30/2020,2,Aragón,5971,2477
5/1/2020,2,Aragón,6103,2494
5/2/2020,2,Aragón,6164,2503
5/3/2020,2,Aragón,6208,2519
5/4/2020,2,Aragón,6239,2526
5/5/2020,2,Aragón,6282,2539
5/6/2020,2,Aragón,6382,2552
5/7/2020,2,Aragón,6516,2564
5/8/2020,2,Aragón,6575,2578
5/9/2020,2,Aragón,6656,2583
5/10/2020,2,Aragón,6702,2588
5/11/2020,2,Aragón,6731,2595
5/12/2020,2,Aragón,6797,2606
5/13/2020,2,Aragón,6856,2614
5/14/2020,2,Aragón,6943,2625
5/15/2020,2,Aragón,7015,2637
5/16/2020,2,Aragón,7125,2648
5/17/2020,2,Aragón,7177,2655
2/21/2020,3,Asturias,0,
2/22/2020,3,Asturias,0,
2/23/2020,3,Asturias,0,
2/24/2020,3,Asturias,0,
2/25/2020,3,Asturias,0,
2/26/2020,3,Asturias,0,
2/27/2020,3,Asturias,0,
2/28/2020,3,Asturias,0,
2/29/2020,3,Asturias,0,
3/1/2020,3,Asturias,1,
3/2/2020,3,Asturias,1,
3/3/2020,3,Asturias,1,
3/4/2020,3,Asturias,3,
3/5/2020,3,Asturias,4,
3/6/2020,3,Asturias,5,
3/7/2020,3,Asturias,7,
3/8/2020,3,Asturias,8,
3/9/2020,3,Asturias,10,
3/10/2020,3,Asturias,21,
3/11/2020,3,Asturias,37,12
3/12/2020,3,Asturias,45,12
3/13/2020,3,Asturias,62,16
3/14/2020,3,Asturias,100,16
3/15/2020,3,Asturias,145,16
3/16/2020,3,Asturias,190,16
3/17/2020,3,Asturias,236,34
3/18/2020,3,Asturias,280,45
3/19/2020,3,Asturias,336,61
3/20/2020,3,Asturias,469,87
3/21/2020,3,Asturias,545,133
3/22/2020,3,Asturias,589,171
3/23/2020,3,Asturias,657,194
3/24/2020,3,Asturias,764,224
3/25/2020,3,Asturias,849,263
3/26/2020,3,Asturias,914,300
3/27/2020,3,Asturias,995,339
3/28/2020,3,Asturias,1077,408
3/29/2020,3,Asturias,1172,466
3/30/2020,3,Asturias,1251,479
3/31/2020,3,Asturias,1330,529
4/1/2020,3,Asturias,1392,590
4/2/2020,3,Asturias,1473,640
4/3/2020,3,Asturias,1533,702
4/4/2020,3,Asturias,1607,766
4/5/2020,3,Asturias,1650,808
4/6/2020,3,Asturias,1704,846
4/7/2020,3,Asturias,1730,889
4/8/2020,3,Asturias,1777,958
4/9/2020,3,Asturias,1861,1018
4/10/2020,3,Asturias,1911,1083
4/11/2020,3,Asturias,1974,1147
4/12/2020,3,Asturias,2058,1208
4/13/2020,3,Asturias,2088,1265
4/14/2020,3,Asturias,2139,1330
4/15/2020,3,Asturias,2208,1387
4/16/2020,3,Asturias,2288,1432
4/17/2020,3,Asturias,2327,1474
4/18/2020,3,Asturias,2373,1520
4/19/2020,3,Asturias,2393,1571
4/20/2020,3,Asturias,2408,1599
4/21/2020,3,Asturias,2453,1626
4/22/2020,3,Asturias,2515,1665
4/23/2020,3,Asturias,2561,1705
4/24/2020,3,Asturias,2601,1728
4/25/2020,3,Asturias,2653,1760
4/26/2020,3,Asturias,2703,1790
4/27/2020,3,Asturias,2736,1814
4/28/2020,3,Asturias,2809,1843
4/29/2020,3,Asturias,2876,1886
4/30/2020,3,Asturias,2933,1915
5/1/2020,3,Asturias,2974,1938
5/2/2020,3,Asturias,2997,1974
5/3/2020,3,Asturias,3018,1995
5/4/2020,3,Asturias,3030,2014
5/5/2020,3,Asturias,3058,2046
5/6/2020,3,Asturias,3094,2081
5/7/2020,3,Asturias,3099,2117
5/8/2020,3,Asturias,3157,2141
5/9/2020,3,Asturias,3183,2166
5/10/2020,3,Asturias,3197,2185
5/11/2020,3,Asturias,3212,2197
5/12/2020,3,Asturias,3226,2212
5/13/2020,3,Asturias,3252,2239
5/14/2020,3,Asturias,3266,2252
5/15/2020,3,Asturias,3295,2268
5/16/2020,3,Asturias,3327,2290
5/17/2020,3,Asturias,3344,2311
2/21/2020,4,Baleares,1,
2/22/2020,4,Baleares,1,
2/23/2020,4,Baleares,1,
2/24/2020,4,Baleares,1,
2/25/2020,4,Baleares,1,
2/26/2020,4,Baleares,1,
2/27/2020,4,Baleares,1,
2/28/2020,4,Baleares,1,
2/29/2020,4,Baleares,2,
3/1/2020,4,Baleares,2,
3/2/2020,4,Baleares,2,
3/3/2020,4,Baleares,2,
3/4/2020,4,Baleares,5,
3/5/2020,4,Baleares,6,
3/6/2020,4,Baleares,6,
3/7/2020,4,Baleares,6,
3/8/2020,4,Baleares,8,
3/9/2020,4,Baleares,11,
3/10/2020,4,Baleares,13,
3/11/2020,4,Baleares,16,8
3/12/2020,4,Baleares,22,8
3/13/2020,4,Baleares,28,9
3/14/2020,4,Baleares,28,9
3/15/2020,4,Baleares,42,9
3/16/2020,4,Baleares,73,21
3/17/2020,4,Baleares,92,26
3/18/2020,4,Baleares,112,29
3/19/2020,4,Baleares,169,31
3/20/2020,4,Baleares,203,48
3/21/2020,4,Baleares,246,60
3/22/2020,4,Baleares,331,79
3/23/2020,4,Baleares,400,87
3/24/2020,4,Baleares,478,127
3/25/2020,4,Baleares,562,164
3/26/2020,4,Baleares,660,205
3/27/2020,4,Baleares,755,237
3/28/2020,4,Baleares,862,283
3/29/2020,4,Baleares,958,345
3/30/2020,4,Baleares,1000,353
3/31/2020,4,Baleares,1069,399
4/1/2020,4,Baleares,1131,467
4/2/2020,4,Baleares,1204,516
4/3/2020,4,Baleares,1257,586
4/4/2020,4,Baleares,1271,633
4/5/2020,4,Baleares,1293,663
4/6/2020,4,Baleares,1320,682
4/7/2020,4,Baleares,1369,704
4/8/2020,4,Baleares,1412,730
4/9/2020,4,Baleares,1448,750
4/10/2020,4,Baleares,1488,776
4/11/2020,4,Baleares,1507,777
4/12/2020,4,Baleares,1534,804
4/13/2020,4,Baleares,1550,810
4/14/2020,4,Baleares,1571,825
4/15/2020,4,Baleares,1605,856
4/16/2020,4,Baleares,1636,871
4/17/2020,4,Baleares,1667,904
4/18/2020,4,Baleares,1747,936
4/19/2020,4,Baleares,1772,954
4/20/2020,4,Baleares,1787,962
4/21/2020,4,Baleares,1807,985
4/22/2020,4,Baleares,1834,1004
4/23/2020,4,Baleares,1859,1021
4/24/2020,4,Baleares,1876,1039
4/25/2020,4,Baleares,1905,1057
4/26/2020,4,Baleares,1915,1061
4/27/2020,4,Baleares,1920,1061
4/28/2020,4,Baleares,1938,1073
4/29/2020,4,Baleares,1948,1078
4/30/2020,4,Baleares,1953,1081
5/1/2020,4,Baleares,1968,1089
5/2/2020,4,Baleares,1982,1093
5/3/2020,4,Baleares,1988,1098
5/4/2020,4,Baleares,1989,1101
5/5/2020,4,Baleares,1995,1109
5/6/2020,4,Baleares,2011,1121
5/7/2020,4,Baleares,2021,1125
5/8/2020,4,Baleares,2027,1125
5/9/2020,4,Baleares,2040,1125
5/10/2020,4,Baleares,2053,1125
5/11/2020,4,Baleares,2056,1125
5/12/2020,4,Baleares,2056,1126
5/13/2020,4,Baleares,2061,1131
5/14/2020,4,Baleares,2062,1131
5/15/2020,4,Baleares,2071,1134
5/16/2020,4,Baleares,2087,1134
5/17/2020,4,Baleares,2096,1136
2/21/2020,5,Canarias,1,
2/22/2020,5,Canarias,1,
2/23/2020,5,Canarias,1,
2/24/2020,5,Canarias,1,
2/25/2020,5,Canarias,2,
2/26/2020,5,Canarias,5,
2/27/2020,5,Canarias,6,
2/28/2020,5,Canarias,6,
2/29/2020,5,Canarias,6,
3/1/2020,5,Canarias,7,
3/2/2020,5,Canarias,7,
3/3/2020,5,Canarias,7,
3/4/2020,5,Canarias,7,
3/5/2020,5,Canarias,8,
3/6/2020,5,Canarias,11,
3/7/2020,5,Canarias,11,
3/8/2020,5,Canarias,17,
3/9/2020,5,Canarias,22,
3/10/2020,5,Canarias,25,
3/11/2020,5,Canarias,37,10
3/12/2020,5,Canarias,51,15
3/13/2020,5,Canarias,70,15
3/14/2020,5,Canarias,90,15
3/15/2020,5,Canarias,109,15
3/16/2020,5,Canarias,119,40
3/17/2020,5,Canarias,148,56
3/18/2020,5,Canarias,181,73
3/19/2020,5,Canarias,220,82
3/20/2020,5,Canarias,287,115
3/21/2020,5,Canarias,348,139
3/22/2020,5,Canarias,414,150
3/23/2020,5,Canarias,481,172
3/24/2020,5,Canarias,557,207
3/25/2020,5,Canarias,657,235
3/26/2020,5,Canarias,784,279
3/27/2020,5,Canarias,878,328
3/28/2020,5,Canarias,1025,377
3/29/2020,5,Canarias,1125,425
3/30/2020,5,Canarias,1204,444
3/31/2020,5,Canarias,1262,483
4/1/2020,5,Canarias,1380,532
4/2/2020,5,Canarias,1444,566
4/3/2020,5,Canarias,1490,605
4/4/2020,5,Canarias,1564,632
4/5/2020,5,Canarias,1622,644
4/6/2020,5,Canarias,1649,651
4/7/2020,5,Canarias,1725,689
4/8/2020,5,Canarias,1762,703
4/9/2020,5,Canarias,1834,730
4/10/2020,5,Canarias,1858,738
4/11/2020,5,Canarias,1887,745
4/12/2020,5,Canarias,1918,758
4/13/2020,5,Canarias,1944,763
4/14/2020,5,Canarias,1958,771
4/15/2020,5,Canarias,1975,781
4/16/2020,5,Canarias,1988,802
4/17/2020,5,Canarias,2009,811
4/18/2020,5,Canarias,2035,822
4/19/2020,5,Canarias,2047,825
4/20/2020,5,Canarias,2067,826
4/21/2020,5,Canarias,2085,837
4/22/2020,5,Canarias,2094,841
4/23/2020,5,Canarias,2113,855
4/24/2020,5,Canarias,2140,868
4/25/2020,5,Canarias,2155,878
4/26/2020,5,Canarias,2167,880
4/27/2020,5,Canarias,2178,881
4/28/2020,5,Canarias,2187,900
4/29/2020,5,Canarias,2202,906
4/30/2020,5,Canarias,2205,909
5/1/2020,5,Canarias,2206,914
5/2/2020,5,Canarias,2212,918
5/3/2020,5,Canarias,2221,919
5/4/2020,5,Canarias,2225,919
5/5/2020,5,Canarias,2231,920
5/6/2020,5,Canarias,2231,920
5/7/2020,5,Canarias,2235,921
5/8/2020,5,Canarias,2240,927
5/9/2020,5,Canarias,2250,935
5/10/2020,5,Canarias,2258,935
5/11/2020,5,Canarias,2260,936
5/12/2020,5,Canarias,2268,937
5/13/2020,5,Canarias,2271,937
5/14/2020,5,Canarias,2275,937
5/15/2020,5,Canarias,2280,938
5/16/2020,5,Canarias,2284,939
5/17/2020,5,Canarias,2289,939
2/21/2020,6,Cantabria,0,
2/22/2020,6,Cantabria,0,
2/23/2020,6,Cantabria,0,
2/24/2020,6,Cantabria,0,
2/25/2020,6,Cantabria,0,
2/26/2020,6,Cantabria,0,
2/27/2020,6,Cantabria,0,
2/28/2020,6,Cantabria,0,
2/29/2020,6,Cantabria,0,
3/1/2020,6,Cantabria,1,
3/2/2020,6,Cantabria,10,
3/3/2020,6,Cantabria,10,
3/4/2020,6,Cantabria,10,
3/5/2020,6,Cantabria,10,
3/6/2020,6,Cantabria,10,
3/7/2020,6,Cantabria,10,
3/8/2020,6,Cantabria,12,
3/9/2020,6,Cantabria,12,
3/10/2020,6,Cantabria,12,
3/11/2020,6,Cantabria,12,0
3/12/2020,6,Cantabria,16,3
3/13/2020,6,Cantabria,29,3
3/14/2020,6,Cantabria,31,3
3/15/2020,6,Cantabria,51,3
3/16/2020,6,Cantabria,58,18
3/17/2020,6,Cantabria,58,18
3/18/2020,6,Cantabria,68,25
3/19/2020,6,Cantabria,83,40
3/20/2020,6,Cantabria,144,61
3/21/2020,6,Cantabria,215,92
3/22/2020,6,Cantabria,282,116
3/23/2020,6,Cantabria,347,157
3/24/2020,6,Cantabria,425,200
3/25/2020,6,Cantabria,510,241
3/26/2020,6,Cantabria,671,300
3/27/2020,6,Cantabria,810,355
3/28/2020,6,Cantabria,937,406
3/29/2020,6,Cantabria,1023,449
3/30/2020,6,Cantabria,1100,481
3/31/2020,6,Cantabria,1171,522
4/1/2020,6,Cantabria,1213,543
4/2/2020,6,Cantabria,1268,567
4/3/2020,6,Cantabria,1321,592
4/4/2020,6,Cantabria,1384,619
4/5/2020,6,Cantabria,1441,639
4/6/2020,6,Cantabria,1483,658
4/7/2020,6,Cantabria,1501,677
4/8/2020,6,Cantabria,1572,700
4/9/2020,6,Cantabria,1619,720
4/10/2020,6,Cantabria,1659,747
4/11/2020,6,Cantabria,1719,773
4/12/2020,6,Cantabria,1752,805
4/13/2020,6,Cantabria,1777,827
4/14/2020,6,Cantabria,1796,853
4/15/2020,6,Cantabria,1823,873
4/16/2020,6,Cantabria,1845,890
4/17/2020,6,Cantabria,1884,903
4/18/2020,6,Cantabria,1990,911
4/19/2020,6,Cantabria,2050,924
4/20/2020,6,Cantabria,2083,934
4/21/2020,6,Cantabria,2108,948
4/22/2020,6,Cantabria,2160,956
4/23/2020,6,Cantabria,2206,965
4/24/2020,6,Cantabria,2273,978
4/25/2020,6,Cantabria,2315,982
4/26/2020,6,Cantabria,2330,991
4/27/2020,6,Cantabria,2350,995
4/28/2020,6,Cantabria,2386,1000
4/29/2020,6,Cantabria,2439,1006
4/30/2020,6,Cantabria,2505,1007
5/1/2020,6,Cantabria,2547,1009
5/2/2020,6,Cantabria,2577,1009
5/3/2020,6,Cantabria,2589,1010
5/4/2020,6,Cantabria,2596,1011
5/5/2020,6,Cantabria,2607,1015
5/6/2020,6,Cantabria,2626,1018
5/7/2020,6,Cantabria,2642,1020
5/8/2020,6,Cantabria,2665,1022
5/9/2020,6,Cantabria,2681,1023
5/10/2020,6,Cantabria,2684,1027
5/11/2020,6,Cantabria,2685,1027
5/12/2020,6,Cantabria,2691,1027
5/13/2020,6,Cantabria,2733,1029
5/14/2020,6,Cantabria,2739,1030
5/15/2020,6,Cantabria,2761,1031
5/16/2020,6,Cantabria,2770,1032
5/17/2020,6,Cantabria,2773,1033
2/21/2020,8,Castilla La Mancha,0,
2/22/2020,8,Castilla La Mancha,0,
2/23/2020,8,Castilla La Mancha,0,
2/24/2020,8,Castilla La Mancha,0,
2/25/2020,8,Castilla La Mancha,0,
2/26/2020,8,Castilla La Mancha,0,
2/27/2020,8,Castilla La Mancha,0,
2/28/2020,8,Castilla La Mancha,0,
2/29/2020,8,Castilla La Mancha,0,
3/1/2020,8,Castilla La Mancha,1,
3/2/2020,8,Castilla La Mancha,3,
3/3/2020,8,Castilla La Mancha,7,
3/4/2020,8,Castilla La Mancha,12,
3/5/2020,8,Castilla La Mancha,13,
3/6/2020,8,Castilla La Mancha,15,
3/7/2020,8,Castilla La Mancha,15,
3/8/2020,8,Castilla La Mancha,15,
3/9/2020,8,Castilla La Mancha,26,
3/10/2020,8,Castilla La Mancha,39,
3/11/2020,8,Castilla La Mancha,71,0
3/12/2020,8,Castilla La Mancha,115,39
3/13/2020,8,Castilla La Mancha,194,78
3/14/2020,8,Castilla La Mancha,289,78
3/15/2020,8,Castilla La Mancha,401,78
3/16/2020,8,Castilla La Mancha,567,207
3/17/2020,8,Castilla La Mancha,567,207
3/18/2020,8,Castilla La Mancha,675,277
3/19/2020,8,Castilla La Mancha,801,313
3/20/2020,8,Castilla La Mancha,1044,313
3/21/2020,8,Castilla La Mancha,1423,635
3/22/2020,8,Castilla La Mancha,1819,838
3/23/2020,8,Castilla La Mancha,2078,1547
3/24/2020,8,Castilla La Mancha,2465,1826
3/25/2020,8,Castilla La Mancha,2780,2162
3/26/2020,8,Castilla La Mancha,3383,2162
3/27/2020,8,Castilla La Mancha,3934,2707
3/28/2020,8,Castilla La Mancha,4512,2977
3/29/2020,8,Castilla La Mancha,5246,3018
3/30/2020,8,Castilla La Mancha,5858,3134
3/31/2020,8,Castilla La Mancha,6424,3225
4/1/2020,8,Castilla La Mancha,7047,3230
4/2/2020,8,Castilla La Mancha,7682,3230
4/3/2020,8,Castilla La Mancha,8523,3168
4/4/2020,8,Castilla La Mancha,9324,3133
4/5/2020,8,Castilla La Mancha,10031,2950
4/6/2020,8,Castilla La Mancha,10602,2901
4/7/2020,8,Castilla La Mancha,11077,2908
4/8/2020,8,Castilla La Mancha,11788,2731
4/9/2020,8,Castilla La Mancha,12489,2575
4/10/2020,8,Castilla La Mancha,13063,2359
4/11/2020,8,Castilla La Mancha,13456,2198
4/12/2020,8,Castilla La Mancha,13698,6838
4/13/2020,8,Castilla La Mancha,14054,7782
4/14/2020,8,Castilla La Mancha,14329,7830
4/15/2020,8,Castilla La Mancha,14680,7896
4/16/2020,8,Castilla La Mancha,15151,7987
4/17/2020,8,Castilla La Mancha,15997,8018
4/18/2020,8,Castilla La Mancha,16349,8093
4/19/2020,8,Castilla La Mancha,16625,8137
4/20/2020,8,Castilla La Mancha,16796,8173
4/21/2020,8,Castilla La Mancha,17045,8199
4/22/2020,8,Castilla La Mancha,17321,8243
4/23/2020,8,Castilla La Mancha,17557,8304
4/24/2020,8,Castilla La Mancha,18053,8342
4/25/2020,8,Castilla La Mancha,18525,8385
4/26/2020,8,Castilla La Mancha,18995,8417
4/27/2020,8,Castilla La Mancha,19286,8444
4/28/2020,8,Castilla La Mancha,19518,8464
4/29/2020,8,Castilla La Mancha,19795,8523
4/30/2020,8,Castilla La Mancha,20071,8567
5/1/2020,8,Castilla La Mancha,20516,8618
5/2/2020,8,Castilla La Mancha,21023,8645
5/3/2020,8,Castilla La Mancha,21290,8676
5/4/2020,8,Castilla La Mancha,21511,8698
5/5/2020,8,Castilla La Mancha,21656,8725
5/6/2020,8,Castilla La Mancha,22166,8765
5/7/2020,8,Castilla La Mancha,22567,8796
5/8/2020,8,Castilla La Mancha,22908,8828
5/9/2020,8,Castilla La Mancha,23293,8867
5/10/2020,8,Castilla La Mancha,23662,8895
5/11/2020,8,Castilla La Mancha,23869,8918
5/12/2020,8,Castilla La Mancha,24051,8940
5/13/2020,8,Castilla La Mancha,24185,8963
5/14/2020,8,Castilla La Mancha,24331,8980
5/15/2020,8,Castilla La Mancha,24527,9001
5/16/2020,8,Castilla La Mancha,24776,9027
5/17/2020,8,Castilla La Mancha,24908,9054
2/21/2020,7,Castilla y León,0,
2/22/2020,7,Castilla y León,0,
2/23/2020,7,Castilla y León,0,
2/24/2020,7,Castilla y León,0,
2/25/2020,7,Castilla y León,0,
2/26/2020,7,Castilla y León,0,
2/27/2020,7,Castilla y León,0,
2/28/2020,7,Castilla y León,2,
2/29/2020,7,Castilla y León,2,
3/1/2020,7,Castilla y León,3,
3/2/2020,7,Castilla y León,3,
3/3/2020,7,Castilla y León,8,
3/4/2020,7,Castilla y León,11,
3/5/2020,7,Castilla y León,11,
3/6/2020,7,Castilla y León,14,
3/7/2020,7,Castilla y León,14,
3/8/2020,7,Castilla y León,22,
3/9/2020,7,Castilla y León,23,
3/10/2020,7,Castilla y León,56,
3/11/2020,7,Castilla y León,71,24
3/12/2020,7,Castilla y León,92,25
3/13/2020,7,Castilla y León,169,25
3/14/2020,7,Castilla y León,223,25
3/15/2020,7,Castilla y León,292,45
3/16/2020,7,Castilla y León,334,95
3/17/2020,7,Castilla y León,431,95
3/18/2020,7,Castilla y León,668,281
3/19/2020,7,Castilla y León,868,362
3/20/2020,7,Castilla y León,1147,476
3/21/2020,7,Castilla y León,1466,629
3/22/2020,7,Castilla y León,1744,798
3/23/2020,7,Castilla y León,2055,977
3/24/2020,7,Castilla y León,2460,1197
3/25/2020,7,Castilla y León,2940,1457
3/26/2020,7,Castilla y León,3488,1823
3/27/2020,7,Castilla y León,4132,2214
3/28/2020,7,Castilla y León,4791,2648
3/29/2020,7,Castilla y León,5414,3160
3/30/2020,7,Castilla y León,5801,3411
3/31/2020,7,Castilla y León,6211,3629
4/1/2020,7,Castilla y León,6847,3951
4/2/2020,7,Castilla y León,7355,4207
4/3/2020,7,Castilla y León,7875,4472
4/4/2020,7,Castilla y León,8332,4685
4/5/2020,7,Castilla y León,8749,4905
4/6/2020,7,Castilla y León,9116,5041
4/7/2020,7,Castilla y León,9581,5180
4/8/2020,7,Castilla y León,10058,5322
4/9/2020,7,Castilla y León,10518,5523
4/10/2020,7,Castilla y León,11102,5674
4/11/2020,7,Castilla y León,11543,5817
4/12/2020,7,Castilla y León,12118,5957
4/13/2020,7,Castilla y León,12628,6077
4/14/2020,7,Castilla y León,13180,6175
4/15/2020,7,Castilla y León,13697,6306
4/16/2020,7,Castilla y León,14380,6449
4/17/2020,7,Castilla y León,14903,6518
4/18/2020,7,Castilla y León,15293,6831
4/19/2020,7,Castilla y León,15621,6981
4/20/2020,7,Castilla y León,15857,7080
4/21/2020,7,Castilla y León,16259,7174
4/22/2020,7,Castilla y León,16839,7264
4/23/2020,7,Castilla y León,17402,7397
4/24/2020,7,Castilla y León,17776,7506
4/25/2020,7,Castilla y León,18259,7555
4/26/2020,7,Castilla y León,18684,7653
4/27/2020,7,Castilla y León,19028,7703
4/28/2020,7,Castilla y León,19372,7777
4/29/2020,7,Castilla y León,19851,7854
4/30/2020,7,Castilla y León,20312,7957
5/1/2020,7,Castilla y León,20739,8010
5/2/2020,7,Castilla y León,20999,8054
5/3/2020,7,Castilla y León,21229,8085
5/4/2020,7,Castilla y León,21379,8123
5/5/2020,7,Castilla y León,21719,8153
5/6/2020,7,Castilla y León,22156,8246
5/7/2020,7,Castilla y León,22537,8300
5/8/2020,7,Castilla y León,22926,8357
5/9/2020,7,Castilla y León,23452,8394
5/10/2020,7,Castilla y León,23821,8468
5/11/2020,7,Castilla y León,23991,8482
5/12/2020,7,Castilla y León,24170,8493
5/13/2020,7,Castilla y León,24262,8517
5/14/2020,7,Castilla y León,24379,8560
5/15/2020,7,Castilla y León,24498,8595
5/16/2020,7,Castilla y León,24595,8649
5/17/2020,7,Castilla y León,24696,8690
2/21/2020,9,Cataluña,0,
2/22/2020,9,Cataluña,0,
2/23/2020,9,Cataluña,0,
2/24/2020,9,Cataluña,0,
2/25/2020,9,Cataluña,0,
2/26/2020,9,Cataluña,1,
2/27/2020,9,Cataluña,2,
2/28/2020,9,Cataluña,3,
2/29/2020,9,Cataluña,5,
3/1/2020,9,Cataluña,6,
3/2/2020,9,Cataluña,15,
3/3/2020,9,Cataluña,15,
3/4/2020,9,Cataluña,15,
3/5/2020,9,Cataluña,24,
3/6/2020,9,Cataluña,24,
3/7/2020,9,Cataluña,24,
3/8/2020,9,Cataluña,49,
3/9/2020,9,Cataluña,59,16
3/10/2020,9,Cataluña,82,31
3/11/2020,9,Cataluña,123,50
3/12/2020,9,Cataluña,202,74
3/13/2020,9,Cataluña,349,137
3/14/2020,9,Cataluña,558,200
3/15/2020,9,Cataluña,742,287
3/16/2020,9,Cataluña,1017,375
3/17/2020,9,Cataluña,1414,525
3/18/2020,9,Cataluña,1866,679
3/19/2020,9,Cataluña,2702,825
3/20/2020,9,Cataluña,3270,994
3/21/2020,9,Cataluña,4203,1681
3/22/2020,9,Cataluña,5046,1917
3/23/2020,9,Cataluña,5747,2158
3/24/2020,9,Cataluña,7864,3209
3/25/2020,9,Cataluña,9937,4349
3/26/2020,9,Cataluña,11592,5371
3/27/2020,9,Cataluña,12940,6714
3/28/2020,9,Cataluña,14263,7954
3/29/2020,9,Cataluña,15025,8447
3/30/2020,9,Cataluña,16104,9126
3/31/2020,9,Cataluña,18520,9925
4/1/2020,9,Cataluña,19991,11446
4/2/2020,9,Cataluña,21804,12398
4/3/2020,9,Cataluña,23460,13101
4/4/2020,9,Cataluña,24734,14251
4/5/2020,9,Cataluña,26032,14798
4/6/2020,9,Cataluña,26824,15258
4/7/2020,9,Cataluña,28323,15643
4/8/2020,9,Cataluña,29647,16235
4/9/2020,9,Cataluña,31043,16970
4/10/2020,9,Cataluña,31824,17780
4/11/2020,9,Cataluña,32984,18194
4/12/2020,9,Cataluña,34027,18772
4/13/2020,9,Cataluña,34726,18963
4/14/2020,9,Cataluña,35197,19224
4/15/2020,9,Cataluña,36505,20264
4/16/2020,9,Cataluña,37354,20553
4/17/2020,9,Cataluña,38316,21242
4/18/2020,9,Cataluña,40095,22013
4/19/2020,9,Cataluña,40600,22235
4/20/2020,9,Cataluña,42703,22375
4/21/2020,9,Cataluña,44139,22796
4/22/2020,9,Cataluña,44829,23295
4/23/2020,9,Cataluña,45919,23647
4/24/2020,9,Cataluña,46571,24130
4/25/2020,9,Cataluña,47288,24130
4/26/2020,9,Cataluña,47838,25665
4/27/2020,9,Cataluña,48782,25799
4/28/2020,9,Cataluña,49185,26230
4/29/2020,9,Cataluña,49681,26546
4/30/2020,9,Cataluña,49943,26763
5/1/2020,9,Cataluña,50334,26932
5/2/2020,9,Cataluña,50877,27049
5/3/2020,9,Cataluña,51261,27257
5/4/2020,9,Cataluña,51393,27321
5/5/2020,9,Cataluña,51798,27745
5/6/2020,9,Cataluña,52090,28085
5/7/2020,9,Cataluña,52505,28248
5/8/2020,9,Cataluña,53209,28608
5/9/2020,9,Cataluña,53578,28687
5/10/2020,9,Cataluña,53805,28784
5/11/2020,9,Cataluña,56450,28820
5/12/2020,9,Cataluña,56787,29138
5/13/2020,9,Cataluña,56930,29267
5/14/2020,9,Cataluña,56956,29305
5/15/2020,9,Cataluña,57205,29339
5/16/2020,9,Cataluña,57351,29339
5/17/2020,9,Cataluña,57467,29449
2/21/2020,18,Ceuta,0,
2/22/2020,18,Ceuta,0,
2/23/2020,18,Ceuta,0,
2/24/2020,18,Ceuta,0,
2/25/2020,18,Ceuta,0,
2/26/2020,18,Ceuta,0,
2/27/2020,18,Ceuta,0,
2/28/2020,18,Ceuta,0,
2/29/2020,18,Ceuta,0,
3/1/2020,18,Ceuta,0,
3/2/2020,18,Ceuta,0,
3/3/2020,18,Ceuta,0,
3/4/2020,18,Ceuta,0,
3/5/2020,18,Ceuta,0,
3/6/2020,18,Ceuta,0,
3/7/2020,18,Ceuta,0,
3/8/2020,18,Ceuta,0,
3/9/2020,18,Ceuta,0,
3/10/2020,18,Ceuta,0,
3/11/2020,18,Ceuta,0,0
3/12/2020,18,Ceuta,0,0
3/13/2020,18,Ceuta,0,0
3/14/2020,18,Ceuta,0,0
3/15/2020,18,Ceuta,1,0
3/16/2020,18,Ceuta,1,0
3/17/2020,18,Ceuta,1,0
3/18/2020,18,Ceuta,1,0
3/19/2020,18,Ceuta,1,0
3/20/2020,18,Ceuta,5,0
3/21/2020,18,Ceuta,5,0
3/22/2020,18,Ceuta,5,0
3/23/2020,18,Ceuta,6,0
3/24/2020,18,Ceuta,6,0
3/25/2020,18,Ceuta,9,2
3/26/2020,18,Ceuta,10,2
3/27/2020,18,Ceuta,17,2
3/28/2020,18,Ceuta,17,2
3/29/2020,18,Ceuta,21,2
3/30/2020,18,Ceuta,25,2
3/31/2020,18,Ceuta,34,3
4/1/2020,18,Ceuta,51,6
4/2/2020,18,Ceuta,55,7
4/3/2020,18,Ceuta,62,8
4/4/2020,18,Ceuta,73,8
4/5/2020,18,Ceuta,83,9
4/6/2020,18,Ceuta,83,9
4/7/2020,18,Ceuta,83,9
4/8/2020,18,Ceuta,84,9
4/9/2020,18,Ceuta,84,9
4/10/2020,18,Ceuta,91,9
4/11/2020,18,Ceuta,93,9
4/12/2020,18,Ceuta,93,9
4/13/2020,18,Ceuta,95,9
4/14/2020,18,Ceuta,96,9
4/15/2020,18,Ceuta,98,9
4/16/2020,18,Ceuta,100,9
4/17/2020,18,Ceuta,101,9
4/18/2020,18,Ceuta,111,9
4/19/2020,18,Ceuta,112,9
4/20/2020,18,Ceuta,114,9
4/21/2020,18,Ceuta,114,9
4/22/2020,18,Ceuta,124,9
4/23/2020,18,Ceuta,124,9
4/24/2020,18,Ceuta,125,10
4/25/2020,18,Ceuta,125,10
4/26/2020,18,Ceuta,131,10
4/27/2020,18,Ceuta,131,10
4/28/2020,18,Ceuta,134,10
4/29/2020,18,Ceuta,139,10
4/30/2020,18,Ceuta,146,10
5/1/2020,18,Ceuta,151,10
5/2/2020,18,Ceuta,152,10
5/3/2020,18,Ceuta,152,10
5/4/2020,18,Ceuta,152,10
5/5/2020,18,Ceuta,155,10
5/6/2020,18,Ceuta,164,10
5/7/2020,18,Ceuta,165,10
5/8/2020,18,Ceuta,168,11
5/9/2020,18,Ceuta,169,11
5/10/2020,18,Ceuta,169,11
5/11/2020,18,Ceuta,169,11
5/12/2020,18,Ceuta,173,11
5/13/2020,18,Ceuta,173,11
5/14/2020,18,Ceuta,175,11
5/15/2020,18,Ceuta,175,11
5/16/2020,18,Ceuta,175,11
5/17/2020,18,Ceuta,175,11
2/21/2020,10,C. Valenciana,0,26
2/22/2020,10,C. Valenciana,0,30
2/23/2020,10,C. Valenciana,0,33
2/24/2020,10,C. Valenciana,0,38
2/25/2020,10,C. Valenciana,0,49
2/26/2020,10,C. Valenciana,1,58
2/27/2020,10,C. Valenciana,2,63
2/28/2020,10,C. Valenciana,8,73
2/29/2020,10,C. Valenciana,10,78
3/1/2020,10,C. Valenciana,15,85
3/2/2020,10,C. Valenciana,15,88
3/3/2020,10,C. Valenciana,15,93
3/4/2020,10,C. Valenciana,19,105
3/5/2020,10,C. Valenciana,19,117
3/6/2020,10,C. Valenciana,30,130
3/7/2020,10,C. Valenciana,30,138
3/8/2020,10,C. Valenciana,37,146
3/9/2020,10,C. Valenciana,37,153
3/10/2020,10,C. Valenciana,50,171
3/11/2020,10,C. Valenciana,65,200
3/12/2020,10,C. Valenciana,76,232
3/13/2020,10,C. Valenciana,94,271
3/14/2020,10,C. Valenciana,130,307
3/15/2020,10,C. Valenciana,409,339
3/16/2020,10,C. Valenciana,409,390
3/17/2020,10,C. Valenciana,541,456
3/18/2020,10,C. Valenciana,726,530
3/19/2020,10,C. Valenciana,921,647
3/20/2020,10,C. Valenciana,1105,777
3/21/2020,10,C. Valenciana,1363,947
3/22/2020,10,C. Valenciana,1604,1136
3/23/2020,10,C. Valenciana,1901,1311
3/24/2020,10,C. Valenciana,2167,1562
3/25/2020,10,C. Valenciana,2616,1842
3/26/2020,10,C. Valenciana,3200,2097
3/27/2020,10,C. Valenciana,3532,2357
3/28/2020,10,C. Valenciana,4034,2606
3/29/2020,10,C. Valenciana,4784,2773
3/30/2020,10,C. Valenciana,5110,2914
3/31/2020,10,C. Valenciana,5508,3111
4/1/2020,10,C. Valenciana,5922,3253
4/2/2020,10,C. Valenciana,6308,3389
4/3/2020,10,C. Valenciana,6624,3492
4/4/2020,10,C. Valenciana,6901,3560
4/5/2020,10,C. Valenciana,7184,3620
4/6/2020,10,C. Valenciana,7334,3668
4/7/2020,10,C. Valenciana,7443,3698
4/8/2020,10,C. Valenciana,7655,3713
4/9/2020,10,C. Valenciana,7964,3815
4/10/2020,10,C. Valenciana,8331,3987
4/11/2020,10,C. Valenciana,8578,4132
4/12/2020,10,C. Valenciana,8841,4149
4/13/2020,10,C. Valenciana,9060,4269
4/14/2020,10,C. Valenciana,9213,4397
4/15/2020,10,C. Valenciana,9424,4465
4/16/2020,10,C. Valenciana,9615,4524
4/17/2020,10,C. Valenciana,9783,4605
4/18/2020,10,C. Valenciana,10117,4708
4/19/2020,10,C. Valenciana,10250,4781
4/20/2020,10,C. Valenciana,10339,4827
4/21/2020,10,C. Valenciana,10399,4866
4/22/2020,10,C. Valenciana,10571,4896
4/23/2020,10,C. Valenciana,10735,4917
4/24/2020,10,C. Valenciana,10906,4945
4/25/2020,10,C. Valenciana,11123,4978
4/26/2020,10,C. Valenciana,11372,5013
4/27/2020,10,C. Valenciana,11412,5032
4/28/2020,10,C. Valenciana,11658,5046
4/29/2020,10,C. Valenciana,11816,5072
4/30/2020,10,C. Valenciana,12058,5096
5/1/2020,10,C. Valenciana,12209,5126
5/2/2020,10,C. Valenciana,12514,5153
5/3/2020,10,C. Valenciana,12686,5181
5/4/2020,10,C. Valenciana,12819,5204
5/5/2020,10,C. Valenciana,12883,5214
5/6/2020,10,C. Valenciana,13064,5225
5/7/2020,10,C. Valenciana,13311,5252
5/8/2020,10,C. Valenciana,13507,5287
5/9/2020,10,C. Valenciana,13676,5317
5/10/2020,10,C. Valenciana,13840,5354
5/11/2020,10,C. Valenciana,13881,5355
5/12/2020,10,C. Valenciana,13937,5360
5/13/2020,10,C. Valenciana,14045,5370
5/14/2020,10,C. Valenciana,14154,5389
5/15/2020,10,C. Valenciana,14392,5415
5/16/2020,10,C. Valenciana,14536,5435
5/17/2020,10,C. Valenciana,14680,5454
2/21/2020,11,Extremadura,0,
2/22/2020,11,Extremadura,0,
2/23/2020,11,Extremadura,0,
2/24/2020,11,Extremadura,0,
2/25/2020,11,Extremadura,0,
2/26/2020,11,Extremadura,0,
2/27/2020,11,Extremadura,0,
2/28/2020,11,Extremadura,0,
2/29/2020,11,Extremadura,0,
3/1/2020,11,Extremadura,4,
3/2/2020,11,Extremadura,6,
3/3/2020,11,Extremadura,6,
3/4/2020,11,Extremadura,6,
3/5/2020,11,Extremadura,6,
3/6/2020,11,Extremadura,6,
3/7/2020,11,Extremadura,6,
3/8/2020,11,Extremadura,6,
3/9/2020,11,Extremadura,7,
3/10/2020,11,Extremadura,8,
3/11/2020,11,Extremadura,9,2
3/12/2020,11,Extremadura,19,2
3/13/2020,11,Extremadura,39,3
3/14/2020,11,Extremadura,66,3
3/15/2020,11,Extremadura,95,8
3/16/2020,11,Extremadura,111,9
3/17/2020,11,Extremadura,153,18
3/18/2020,11,Extremadura,194,27
3/19/2020,11,Extremadura,241,36
3/20/2020,11,Extremadura,297,44
3/21/2020,11,Extremadura,354,65
3/22/2020,11,Extremadura,384,87
3/23/2020,11,Extremadura,493,131
3/24/2020,11,Extremadura,636,161
3/25/2020,11,Extremadura,742,209
3/26/2020,11,Extremadura,969,241
3/27/2020,11,Extremadura,1231,277
3/28/2020,11,Extremadura,1394,312
3/29/2020,11,Extremadura,1456,313
3/30/2020,11,Extremadura,1560,353
3/31/2020,11,Extremadura,1628,371
4/1/2020,11,Extremadura,1679,372
4/2/2020,11,Extremadura,1837,412
4/3/2020,11,Extremadura,1893,415
4/4/2020,11,Extremadura,1979,453
4/5/2020,11,Extremadura,2047,417
4/6/2020,11,Extremadura,2068,453
4/7/2020,11,Extremadura,2116,686
4/8/2020,11,Extremadura,2184,898
4/9/2020,11,Extremadura,2273,958
4/10/2020,11,Extremadura,2332,1003
4/11/2020,11,Extremadura,2486,1052
4/12/2020,11,Extremadura,2580,1074
4/13/2020,11,Extremadura,2658,1096
4/14/2020,11,Extremadura,2684,1114
4/15/2020,11,Extremadura,2762,1155
4/16/2020,11,Extremadura,2881,1186
4/17/2020,11,Extremadura,3019,1212
4/18/2020,11,Extremadura,3131,1240
4/19/2020,11,Extremadura,3192,1278
4/20/2020,11,Extremadura,3243,1306
4/21/2020,11,Extremadura,3243,1327
4/22/2020,11,Extremadura,3243,1349
4/23/2020,11,Extremadura,3366,1375
4/24/2020,11,Extremadura,3403,1413
4/25/2020,11,Extremadura,3458,1447
4/26/2020,11,Extremadura,3465,1480
4/27/2020,11,Extremadura,3480,1490
4/28/2020,11,Extremadura,3487,1505
4/29/2020,11,Extremadura,3513,1526
4/30/2020,11,Extremadura,3538,1550
5/1/2020,11,Extremadura,3630,1565
5/2/2020,11,Extremadura,3690,1592
5/3/2020,11,Extremadura,3712,1603
5/4/2020,11,Extremadura,3722,1618
5/5/2020,11,Extremadura,3728,1629
5/6/2020,11,Extremadura,3746,1650
5/7/2020,11,Extremadura,3808,1664
5/8/2020,11,Extremadura,3853,1678
5/9/2020,11,Extremadura,3886,1695
5/10/2020,11,Extremadura,3903,1711
5/11/2020,11,Extremadura,3919,1725
5/12/2020,11,Extremadura,3920,1737
5/13/2020,11,Extremadura,3920,1754
5/14/2020,11,Extremadura,3924,1761
5/15/2020,11,Extremadura,3934,1772
5/16/2020,11,Extremadura,3945,1772
5/17/2020,11,Extremadura,3948,1775
2/21/2020,12,Galicia,0,
2/22/2020,12,Galicia,0,
2/23/2020,12,Galicia,0,
2/24/2020,12,Galicia,0,
2/25/2020,12,Galicia,0,
2/26/2020,12,Galicia,0,
2/27/2020,12,Galicia,0,
2/28/2020,12,Galicia,0,
2/29/2020,12,Galicia,0,
3/1/2020,12,Galicia,0,
3/2/2020,12,Galicia,0,
3/3/2020,12,Galicia,0,
3/4/2020,12,Galicia,1,
3/5/2020,12,Galicia,1,
3/6/2020,12,Galicia,3,
3/7/2020,12,Galicia,3,
3/8/2020,12,Galicia,5,
3/9/2020,12,Galicia,6,
3/10/2020,12,Galicia,22,
3/11/2020,12,Galicia,35,7
3/12/2020,12,Galicia,35,7
3/13/2020,12,Galicia,85,15
3/14/2020,12,Galicia,115,32
3/15/2020,12,Galicia,195,32
3/16/2020,12,Galicia,245,49
3/17/2020,12,Galicia,292,49
3/18/2020,12,Galicia,341,63
3/19/2020,12,Galicia,453,100
3/20/2020,12,Galicia,578,138
3/21/2020,12,Galicia,739,168
3/22/2020,12,Galicia,915,227
3/23/2020,12,Galicia,1208,270
3/24/2020,12,Galicia,1415,338
3/25/2020,12,Galicia,1653,412
3/26/2020,12,Galicia,1915,503
3/27/2020,12,Galicia,2322,557
3/28/2020,12,Galicia,2772,906
3/29/2020,12,Galicia,3139,1043
3/30/2020,12,Galicia,3723,1147
3/31/2020,12,Galicia,4039,1250
4/1/2020,12,Galicia,4432,1338
4/2/2020,12,Galicia,4842,1447
4/3/2020,12,Galicia,5219,1630
4/4/2020,12,Galicia,5625,1767
4/5/2020,12,Galicia,5944,1831
4/6/2020,12,Galicia,6151,1916
4/7/2020,12,Galicia,6331,1968
4/8/2020,12,Galicia,6538,2014
4/9/2020,12,Galicia,6758,2094
4/10/2020,12,Galicia,6946,2165
4/11/2020,12,Galicia,7176,2215
4/12/2020,12,Galicia,7336,2306
4/13/2020,12,Galicia,7494,2344
4/14/2020,12,Galicia,7597,2403
4/15/2020,12,Galicia,7708,2471
4/16/2020,12,Galicia,7873,2494
4/17/2020,12,Galicia,8013,2535
4/18/2020,12,Galicia,8084,2554
4/19/2020,12,Galicia,8185,2590
4/20/2020,12,Galicia,8299,2609
4/21/2020,12,Galicia,8468,2652
4/22/2020,12,Galicia,8634,2674
4/23/2020,12,Galicia,8805,2694
4/24/2020,12,Galicia,8932,2707
4/25/2020,12,Galicia,9116,2717
4/26/2020,12,Galicia,9176,2724
4/27/2020,12,Galicia,9238,2728
4/28/2020,12,Galicia,9328,2734
4/29/2020,12,Galicia,9484,2736
4/30/2020,12,Galicia,9579,2747
5/1/2020,12,Galicia,9617,2759
5/2/2020,12,Galicia,9652,2769
5/3/2020,12,Galicia,9685,2774
5/4/2020,12,Galicia,9707,2782
5/5/2020,12,Galicia,9783,2792
5/6/2020,12,Galicia,9996,2811
5/7/2020,12,Galicia,10077,2833
5/8/2020,12,Galicia,10221,2852
5/9/2020,12,Galicia,10322,2876
5/10/2020,12,Galicia,10370,2886
5/11/2020,12,Galicia,10388,2902
5/12/2020,12,Galicia,10449,2905
5/13/2020,12,Galicia,10495,2909
5/14/2020,12,Galicia,10545,2915
5/15/2020,12,Galicia,10605,2921
5/16/2020,12,Galicia,10934,2923
5/17/2020,12,Galicia,10960,2926
2/21/2020,13,Madrid,1,
2/22/2020,13,Madrid,1,
2/23/2020,13,Madrid,1,
2/24/2020,13,Madrid,1,
2/25/2020,13,Madrid,1,
2/26/2020,13,Madrid,2,
2/27/2020,13,Madrid,6,
2/28/2020,13,Madrid,10,
2/29/2020,13,Madrid,20,
3/1/2020,13,Madrid,27,
3/2/2020,13,Madrid,53,
3/3/2020,13,Madrid,96,
3/4/2020,13,Madrid,142,
3/5/2020,13,Madrid,200,
3/6/2020,13,Madrid,312,
3/7/2020,13,Madrid,516,
3/8/2020,13,Madrid,739,
3/9/2020,13,Madrid,1004,
3/10/2020,13,Madrid,1509,
3/11/2020,13,Madrid,2214,0
3/12/2020,13,Madrid,2944,0
3/13/2020,13,Madrid,3731,1304
3/14/2020,13,Madrid,4671,1518
3/15/2020,13,Madrid,5574,2337
3/16/2020,13,Madrid,6389,2337
3/17/2020,13,Madrid,7648,3710
3/18/2020,13,Madrid,9596,3778
3/19/2020,13,Madrid,11350,5168
3/20/2020,13,Madrid,13393,6338
3/21/2020,13,Madrid,15715,7388
3/22/2020,13,Madrid,17389,8441
3/23/2020,13,Madrid,18892,9561
3/24/2020,13,Madrid,21562,10443
3/25/2020,13,Madrid,24465,11153
3/26/2020,13,Madrid,27410,12440
3/27/2020,13,Madrid,30783,13580
3/28/2020,13,Madrid,33149,14211
3/29/2020,13,Madrid,34174,14454
3/30/2020,13,Madrid,35046,14917
3/31/2020,13,Madrid,37592,15140
4/1/2020,13,Madrid,39392,15227
4/2/2020,13,Madrid,41179,15227
4/3/2020,13,Madrid,43015,15050
4/4/2020,13,Madrid,44756,14741
4/5/2020,13,Madrid,45647,14551
4/6/2020,13,Madrid,46173,14501
4/7/2020,13,Madrid,47736,13950
4/8/2020,13,Madrid,49126,13289
4/9/2020,13,Madrid,50542,12853
4/10/2020,13,Madrid,51491,12432
4/11/2020,13,Madrid,52353,11894
4/12/2020,13,Madrid,52894,11424
4/13/2020,13,Madrid,53235,11233
4/14/2020,13,Madrid,54230,10753
4/15/2020,13,Madrid,55333,10116
4/16/2020,13,Madrid,56235,9653
4/17/2020,13,Madrid,57073,9141
4/18/2020,13,Madrid,57889,8597
4/19/2020,13,Madrid,60849,8291
4/20/2020,13,Madrid,61244,8191
4/21/2020,13,Madrid,61873,7930
4/22/2020,13,Madrid,62790,7464
4/23/2020,13,Madrid,63909,7077
4/24/2020,13,Madrid,64483,6601
4/25/2020,13,Madrid,65150,6183
4/26/2020,13,Madrid,65382,5892
4/27/2020,13,Madrid,65842,39472
4/28/2020,13,Madrid,66616,39634
4/29/2020,13,Madrid,67283,39850
4/30/2020,13,Madrid,67738,40076
5/1/2020,13,Madrid,68147,40293
5/2/2020,13,Madrid,68286,40457
5/3/2020,13,Madrid,68403,40597
5/4/2020,13,Madrid,68515,40741
5/5/2020,13,Madrid,68919,40851
5/6/2020,13,Madrid,69244,41031
5/7/2020,13,Madrid,69623,41159
5/8/2020,13,Madrid,69855,41304
5/9/2020,13,Madrid,70132,41436
5/10/2020,13,Madrid,70238,41559
5/11/2020,13,Madrid,70292,41650
5/12/2020,13,Madrid,70482,41735
5/13/2020,13,Madrid,70796,41856
5/14/2020,13,Madrid,71040,41962
5/15/2020,13,Madrid,71334,42057
5/16/2020,13,Madrid,71625,42157
5/17/2020,13,Madrid,71631,42227
2/21/2020,19,Melilla,0,
2/22/2020,19,Melilla,0,
2/23/2020,19,Melilla,0,
2/24/2020,19,Melilla,0,
2/25/2020,19,Melilla,0,
2/26/2020,19,Melilla,0,
2/27/2020,19,Melilla,0,
2/28/2020,19,Melilla,0,
2/29/2020,19,Melilla,0,
3/1/2020,19,Melilla,0,
3/2/2020,19,Melilla,0,
3/3/2020,19,Melilla,0,
3/4/2020,19,Melilla,0,
3/5/2020,19,Melilla,0,
3/6/2020,19,Melilla,0,
3/7/2020,19,Melilla,0,
3/8/2020,19,Melilla,0,
3/9/2020,19,Melilla,0,
3/10/2020,19,Melilla,0,
3/11/2020,19,Melilla,0,0
3/12/2020,19,Melilla,0,0
3/13/2020,19,Melilla,2,3
3/14/2020,19,Melilla,3,3
3/15/2020,19,Melilla,8,4
3/16/2020,19,Melilla,8,4
3/17/2020,19,Melilla,17,4
3/18/2020,19,Melilla,20,4
3/19/2020,19,Melilla,23,4
3/20/2020,19,Melilla,24,5
3/21/2020,19,Melilla,25,8
3/22/2020,19,Melilla,25,12
3/23/2020,19,Melilla,28,12
3/24/2020,19,Melilla,28,12
3/25/2020,19,Melilla,38,14
3/26/2020,19,Melilla,39,16
3/27/2020,19,Melilla,42,18
3/28/2020,19,Melilla,45,22
3/29/2020,19,Melilla,48,24
3/30/2020,19,Melilla,51,27
3/31/2020,19,Melilla,54,27
4/1/2020,19,Melilla,62,32
4/2/2020,19,Melilla,62,32
4/3/2020,19,Melilla,70,34
4/4/2020,19,Melilla,79,37
4/5/2020,19,Melilla,83,38
4/6/2020,19,Melilla,86,38
4/7/2020,19,Melilla,92,40
4/8/2020,19,Melilla,93,40
4/9/2020,19,Melilla,93,40
4/10/2020,19,Melilla,95,41
4/11/2020,19,Melilla,98,43
4/12/2020,19,Melilla,98,43
4/13/2020,19,Melilla,101,43
4/14/2020,19,Melilla,101,43
4/15/2020,19,Melilla,102,43
4/16/2020,19,Melilla,103,43
4/17/2020,19,Melilla,104,44
4/18/2020,19,Melilla,104,44
4/19/2020,19,Melilla,107,44
4/20/2020,19,Melilla,109,44
4/21/2020,19,Melilla,110,44
4/22/2020,19,Melilla,111,44
4/23/2020,19,Melilla,113,44
4/24/2020,19,Melilla,116,44
4/25/2020,19,Melilla,118,44
4/26/2020,19,Melilla,121,44
4/27/2020,19,Melilla,121,44
4/28/2020,19,Melilla,125,44
4/29/2020,19,Melilla,125,44
4/30/2020,19,Melilla,125,44
5/1/2020,19,Melilla,126,44
5/2/2020,19,Melilla,126,44
5/3/2020,19,Melilla,129,44
5/4/2020,19,Melilla,131,44
5/5/2020,19,Melilla,131,44
5/6/2020,19,Melilla,131,44
5/7/2020,19,Melilla,132,44
5/8/2020,19,Melilla,132,44
5/9/2020,19,Melilla,132,44
5/10/2020,19,Melilla,132,44
5/11/2020,19,Melilla,132,44
5/12/2020,19,Melilla,132,44
5/13/2020,19,Melilla,132,44
5/14/2020,19,Melilla,132,44
5/15/2020,19,Melilla,132,44
5/16/2020,19,Melilla,132,44
5/17/2020,19,Melilla,134,44
2/21/2020,14,Murcia,0,
2/22/2020,14,Murcia,0,
2/23/2020,14,Murcia,0,
2/24/2020,14,Murcia,0,
2/25/2020,14,Murcia,0,
2/26/2020,14,Murcia,0,
2/27/2020,14,Murcia,0,
2/28/2020,14,Murcia,0,
2/29/2020,14,Murcia,0,
3/1/2020,14,Murcia,0,
3/2/2020,14,Murcia,0,
3/3/2020,14,Murcia,0,
3/4/2020,14,Murcia,0,
3/5/2020,14,Murcia,0,
3/6/2020,14,Murcia,0,
3/7/2020,14,Murcia,0,
3/8/2020,14,Murcia,1,
3/9/2020,14,Murcia,4,
3/10/2020,14,Murcia,9,
3/11/2020,14,Murcia,11,4
3/12/2020,14,Murcia,26,5
3/13/2020,14,Murcia,35,8
3/14/2020,14,Murcia,47,8
3/15/2020,14,Murcia,71,13
3/16/2020,14,Murcia,77,13
3/17/2020,14,Murcia,97,18
3/18/2020,14,Murcia,122,22
3/19/2020,14,Murcia,167,36
3/20/2020,14,Murcia,204,47
3/21/2020,14,Murcia,240,61
3/22/2020,14,Murcia,296,78
3/23/2020,14,Murcia,345,80
3/24/2020,14,Murcia,385,99
3/25/2020,14,Murcia,477,127
3/26/2020,14,Murcia,596,172
3/27/2020,14,Murcia,714,209
3/28/2020,14,Murcia,802,231
3/29/2020,14,Murcia,872,260
3/30/2020,14,Murcia,939,265
3/31/2020,14,Murcia,974,283
4/1/2020,14,Murcia,1041,304
4/2/2020,14,Murcia,1084,389
4/3/2020,14,Murcia,1145,405
4/4/2020,14,Murcia,1188,434
4/5/2020,14,Murcia,1235,447
4/6/2020,14,Murcia,1259,468
4/7/2020,14,Murcia,1263,500
4/8/2020,14,Murcia,1305,515
4/9/2020,14,Murcia,1340,533
4/10/2020,14,Murcia,1367,533
4/11/2020,14,Murcia,1404,533
4/12/2020,14,Murcia,1436,537
4/13/2020,14,Murcia,1452,543
4/14/2020,14,Murcia,1479,566
4/15/2020,14,Murcia,1528,574
4/16/2020,14,Murcia,1590,575
4/17/2020,14,Murcia,1626,585
4/18/2020,14,Murcia,1647,611
4/19/2020,14,Murcia,1653,612
4/20/2020,14,Murcia,1659,612
4/21/2020,14,Murcia,1696,614
4/22/2020,14,Murcia,1717,622
4/23/2020,14,Murcia,1721,624
4/24/2020,14,Murcia,1741,625
4/25/2020,14,Murcia,1756,625
4/26/2020,14,Murcia,1771,627
4/27/2020,14,Murcia,1771,627
4/28/2020,14,Murcia,1793,629
4/29/2020,14,Murcia,1840,635
4/30/2020,14,Murcia,1894,637
5/1/2020,14,Murcia,1960,638
5/2/2020,14,Murcia,1966,639
5/3/2020,14,Murcia,1974,641
5/4/2020,14,Murcia,1974,645
5/5/2020,14,Murcia,2051,650
5/6/2020,14,Murcia,2133,650
5/7/2020,14,Murcia,2192,652
5/8/2020,14,Murcia,2252,659
5/9/2020,14,Murcia,2263,662
5/10/2020,14,Murcia,2329,662
5/11/2020,14,Murcia,2332,665
5/12/2020,14,Murcia,2333,665
5/13/2020,14,Murcia,2398,666
5/14/2020,14,Murcia,2437,672
5/15/2020,14,Murcia,2477,675
5/16/2020,14,Murcia,2546,676
5/17/2020,14,Murcia,2566,676
2/21/2020,15,Navarra,0,
2/22/2020,15,Navarra,0,
2/23/2020,15,Navarra,0,
2/24/2020,15,Navarra,0,
2/25/2020,15,Navarra,0,
2/26/2020,15,Navarra,0,
2/27/2020,15,Navarra,0,
2/28/2020,15,Navarra,0,
2/29/2020,15,Navarra,0,
3/1/2020,15,Navarra,1,
3/2/2020,15,Navarra,1,
3/3/2020,15,Navarra,1,
3/4/2020,15,Navarra,3,
3/5/2020,15,Navarra,3,
3/6/2020,15,Navarra,3,
3/7/2020,15,Navarra,3,
3/8/2020,15,Navarra,3,
3/9/2020,15,Navarra,3,
3/10/2020,15,Navarra,12,
3/11/2020,15,Navarra,46,10
3/12/2020,15,Navarra,73,17
3/13/2020,15,Navarra,130,28
3/14/2020,15,Navarra,146,28
3/15/2020,15,Navarra,183,34
3/16/2020,15,Navarra,274,58
3/17/2020,15,Navarra,313,72
3/18/2020,15,Navarra,386,93
3/19/2020,15,Navarra,482,132
3/20/2020,15,Navarra,554,172
3/21/2020,15,Navarra,664,222
3/22/2020,15,Navarra,794,288
3/23/2020,15,Navarra,886,339
3/24/2020,15,Navarra,1014,405
3/25/2020,15,Navarra,1197,506
3/26/2020,15,Navarra,1411,649
3/27/2020,15,Navarra,1641,732
3/28/2020,15,Navarra,1829,827
3/29/2020,15,Navarra,2011,896
3/30/2020,15,Navarra,2146,955
3/31/2020,15,Navarra,2305,1035
4/1/2020,15,Navarra,2497,1120
4/2/2020,15,Navarra,2682,1181
4/3/2020,15,Navarra,2836,1284
4/4/2020,15,Navarra,2972,1341
4/5/2020,15,Navarra,3073,1399
4/6/2020,15,Navarra,3231,1432
4/7/2020,15,Navarra,3355,1488
4/8/2020,15,Navarra,3467,1526
4/9/2020,15,Navarra,3575,1526
4/10/2020,15,Navarra,3748,1620
4/11/2020,15,Navarra,3817,1641
4/12/2020,15,Navarra,3969,1663
4/13/2020,15,Navarra,4092,1693
4/14/2020,15,Navarra,4150,1705
4/15/2020,15,Navarra,4246,1731
4/16/2020,15,Navarra,4348,1752
4/17/2020,15,Navarra,4433,1781
4/18/2020,15,Navarra,4579,1829
4/19/2020,15,Navarra,4656,1843
4/20/2020,15,Navarra,4735,1856
4/21/2020,15,Navarra,4831,1877
4/22/2020,15,Navarra,4958,1894
4/23/2020,15,Navarra,5063,1907
4/24/2020,15,Navarra,5180,1915
4/25/2020,15,Navarra,5274,1937
4/26/2020,15,Navarra,5452,1942
4/27/2020,15,Navarra,5486,1942
4/28/2020,15,Navarra,5630,1945
4/29/2020,15,Navarra,5884,1951
4/30/2020,15,Navarra,6140,1965
5/1/2020,15,Navarra,6337,1977
5/2/2020,15,Navarra,6411,1979
5/3/2020,15,Navarra,6427,1986
5/4/2020,15,Navarra,6447,1990
5/5/2020,15,Navarra,6561,1995
5/6/2020,15,Navarra,6770,2005
5/7/2020,15,Navarra,7010,2015
5/8/2020,15,Navarra,7227,2015
5/9/2020,15,Navarra,7442,2021
5/10/2020,15,Navarra,7455,2023
5/11/2020,15,Navarra,7486,2029
5/12/2020,15,Navarra,7637,2039
5/13/2020,15,Navarra,7752,2042
5/14/2020,15,Navarra,7891,2045
5/15/2020,15,Navarra,8082,2045
5/16/2020,15,Navarra,8235,2045
5/17/2020,15,Navarra,8293,2045
2/21/2020,16,País Vasco,0,
2/22/2020,16,País Vasco,0,
2/23/2020,16,País Vasco,0,
2/24/2020,16,País Vasco,0,
2/25/2020,16,País Vasco,0,
2/26/2020,16,País Vasco,0,
2/27/2020,16,País Vasco,0,
2/28/2020,16,País Vasco,0,
2/29/2020,16,País Vasco,2,
3/1/2020,16,País Vasco,3,
3/2/2020,16,País Vasco,9,
3/3/2020,16,País Vasco,13,
3/4/2020,16,País Vasco,17,
3/5/2020,16,País Vasco,17,
3/6/2020,16,País Vasco,45,
3/7/2020,16,País Vasco,45,
3/8/2020,16,País Vasco,70,
3/9/2020,16,País Vasco,149,
3/10/2020,16,País Vasco,195,
3/11/2020,16,País Vasco,225,102
3/12/2020,16,País Vasco,346,146
3/13/2020,16,País Vasco,417,179
3/14/2020,16,País Vasco,521,179
3/15/2020,16,País Vasco,630,262
3/16/2020,16,País Vasco,630,262
3/17/2020,16,País Vasco,765,309
3/18/2020,16,País Vasco,973,353
3/19/2020,16,País Vasco,1190,455
3/20/2020,16,País Vasco,1465,550
3/21/2020,16,País Vasco,1725,654
3/22/2020,16,País Vasco,2097,988
3/23/2020,16,País Vasco,2421,1252
3/24/2020,16,País Vasco,2728,1425
3/25/2020,16,País Vasco,3271,1577
3/26/2020,16,País Vasco,3946,1907
3/27/2020,16,País Vasco,4601,2270
3/28/2020,16,País Vasco,5136,2612
3/29/2020,16,País Vasco,5740,3106
3/30/2020,16,País Vasco,6057,3427
3/31/2020,16,País Vasco,6320,3594
4/1/2020,16,País Vasco,6838,3806
4/2/2020,16,País Vasco,7317,4087
4/3/2020,16,País Vasco,7827,4283
4/4/2020,16,País Vasco,8187,4522
4/5/2020,16,País Vasco,8628,4666
4/6/2020,16,País Vasco,8810,4794
4/7/2020,16,País Vasco,9021,4856
4/8/2020,16,País Vasco,9452,4982
4/9/2020,16,País Vasco,9806,5130
4/10/2020,16,País Vasco,10103,5290
4/11/2020,16,País Vasco,10515,5402
4/12/2020,16,País Vasco,10772,5547
4/13/2020,16,País Vasco,11018,5622
4/14/2020,16,País Vasco,11226,5679
4/15/2020,16,País Vasco,11475,5750
4/16/2020,16,País Vasco,11790,5863
4/17/2020,16,País Vasco,12089,5939
4/18/2020,16,País Vasco,12355,6030
4/19/2020,16,País Vasco,12569,6086
4/20/2020,16,País Vasco,12628,6109
4/21/2020,16,País Vasco,12810,6141
4/22/2020,16,País Vasco,13044,6201
4/23/2020,16,País Vasco,13436,6260
4/24/2020,16,País Vasco,13780,6315
4/25/2020,16,País Vasco,14132,6375
4/26/2020,16,País Vasco,14315,6426
4/27/2020,16,País Vasco,14412,6457
4/28/2020,16,País Vasco,14804,6482
4/29/2020,16,País Vasco,15138,6522
4/30/2020,16,País Vasco,15519,6561
5/1/2020,16,País Vasco,15969,6607
5/2/2020,16,País Vasco,16119,6659
5/3/2020,16,País Vasco,16197,6692
5/4/2020,16,País Vasco,16246,6719
5/5/2020,16,País Vasco,16426,6736
5/6/2020,16,País Vasco,16679,6781
5/7/2020,16,País Vasco,16959,6797
5/8/2020,16,País Vasco,17286,6818
5/9/2020,16,País Vasco,17553,6865
5/10/2020,16,País Vasco,17677,6902
5/11/2020,16,País Vasco,17709,6922
5/12/2020,16,País Vasco,17840,6929
5/13/2020,16,País Vasco,18095,6955
5/14/2020,16,País Vasco,18100,6994
5/15/2020,16,País Vasco,18138,7009
5/16/2020,16,País Vasco,18607,7011
5/17/2020,16,País Vasco,18733,7015
2/21/2020,17,La Rioja,0,
2/22/2020,17,La Rioja,0,
2/23/2020,17,La Rioja,0,
2/24/2020,17,La Rioja,0,
2/25/2020,17,La Rioja,0,
2/26/2020,17,La Rioja,0,
2/27/2020,17,La Rioja,0,
2/28/2020,17,La Rioja,0,
2/29/2020,17,La Rioja,0,
3/1/2020,17,La Rioja,0,
3/2/2020,17,La Rioja,1,
3/3/2020,17,La Rioja,2,
3/4/2020,17,La Rioja,7,
3/5/2020,17,La Rioja,17,
3/6/2020,17,La Rioja,29,
3/7/2020,17,La Rioja,47,
3/8/2020,17,La Rioja,70,
3/9/2020,17,La Rioja,102,
3/10/2020,17,La Rioja,155,
3/11/2020,17,La Rioja,185,13
3/12/2020,17,La Rioja,220,21
3/13/2020,17,La Rioja,259,27
3/14/2020,17,La Rioja,292,38
3/15/2020,17,La Rioja,300,58
3/16/2020,17,La Rioja,312,64
3/17/2020,17,La Rioja,355,82
3/18/2020,17,La Rioja,419,99
3/19/2020,17,La Rioja,468,121
3/20/2020,17,La Rioja,497,122
3/21/2020,17,La Rioja,564,128
3/22/2020,17,La Rioja,654,134
3/23/2020,17,La Rioja,747,166
3/24/2020,17,La Rioja,802,206
3/25/2020,17,La Rioja,928,254
3/26/2020,17,La Rioja,995,316
3/27/2020,17,La Rioja,1236,388
3/28/2020,17,La Rioja,1436,458
3/29/2020,17,La Rioja,1629,497
3/30/2020,17,La Rioja,1733,517
3/31/2020,17,La Rioja,1810,575
4/1/2020,17,La Rioja,1960,619
4/2/2020,17,La Rioja,2083,660
4/3/2020,17,La Rioja,2224,738
4/4/2020,17,La Rioja,2405,805
4/5/2020,17,La Rioja,2592,855
4/6/2020,17,La Rioja,2719,888
4/7/2020,17,La Rioja,2846,918
4/8/2020,17,La Rioja,2951,955
4/9/2020,17,La Rioja,3026,997
4/10/2020,17,La Rioja,3076,1047
4/11/2020,17,La Rioja,3496,1082
4/12/2020,17,La Rioja,3596,1122
4/13/2020,17,La Rioja,3675,1141
4/14/2020,17,La Rioja,3749,1152
4/15/2020,17,La Rioja,3831,1182
4/16/2020,17,La Rioja,3916,1207
4/17/2020,17,La Rioja,4098,1226
4/18/2020,17,La Rioja,4250,1249
4/19/2020,17,La Rioja,4330,1268
4/20/2020,17,La Rioja,4371,1282
4/21/2020,17,La Rioja,4483,1297
4/22/2020,17,La Rioja,4586,1318
4/23/2020,17,La Rioja,4727,1331
4/24/2020,17,La Rioja,4865,1344
4/25/2020,17,La Rioja,4946,1360
4/26/2020,17,La Rioja,4998,1380
4/27/2020,17,La Rioja,5041,1392
4/28/2020,17,La Rioja,5097,1400
4/29/2020,17,La Rioja,5173,1413
4/30/2020,17,La Rioja,5206,1424
5/1/2020,17,La Rioja,5226,1433
5/2/2020,17,La Rioja,5239,1439
5/3/2020,17,La Rioja,5247,1446
5/4/2020,17,La Rioja,5258,1449
5/5/2020,17,La Rioja,5270,1452
5/6/2020,17,La Rioja,5322,1458
5/7/2020,17,La Rioja,5330,1463
5/8/2020,17,La Rioja,5355,1469
5/9/2020,17,La Rioja,5365,1473
5/10/2020,17,La Rioja,5378,1474
5/11/2020,17,La Rioja,5382,1475
5/12/2020,17,La Rioja,5392,1478
5/13/2020,17,La Rioja,5397,1481
5/14/2020,17,La Rioja,5405,1484
5/15/2020,17,La Rioja,5409,1488
5/16/2020,17,La Rioja,5413,1490
5/17/2020,17,La Rioja,5417,1496
