,date,code_number,CCAA_x,number_of_cases,hospitalized,ICU
0,2/21/2020,1,Andalucía,0,,
1,2/22/2020,1,Andalucía,0,,
2,2/23/2020,1,Andalucía,0,,
3,2/24/2020,1,Andalucía,0,,
4,2/25/2020,1,Andalucía,0,,
5,2/26/2020,1,Andalucía,0,,
6,2/27/2020,1,Andalucía,1,,
7,2/28/2020,1,Andalucía,6,,
8,2/29/2020,1,Andalucía,8,,
9,3/1/2020,1,Andalucía,12,,
10,3/2/2020,1,Andalucía,12,,
11,3/3/2020,1,Andalucía,12,,
12,3/4/2020,1,Andalucía,12,,
13,3/5/2020,1,Andalucía,12,,
14,3/6/2020,1,Andalucía,21,,
15,3/7/2020,1,Andalucía,27,,
16,3/8/2020,1,Andalucía,34,,
17,3/9/2020,1,Andalucía,54,,1
18,3/10/2020,1,Andalucía,71,,1
19,3/11/2020,1,Andalucía,90,32,3
20,3/12/2020,1,Andalucía,115,50,4
21,3/13/2020,1,Andalucía,219,92,8
22,3/14/2020,1,Andalucía,269,92,8
23,3/15/2020,1,Andalucía,437,92,8
24,3/16/2020,1,Andalucía,554,197,11
25,3/17/2020,1,Andalucía,683,229,13
26,3/18/2020,1,Andalucía,859,319,21
27,3/19/2020,1,Andalucía,1008,384,25
28,3/20/2020,1,Andalucía,1287,501,38
29,3/21/2020,1,Andalucía,1515,605,53
30,3/22/2020,1,Andalucía,1725,724,55
31,3/23/2020,1,Andalucía,1961,865,77
32,3/24/2020,1,Andalucía,2470,1132,102
33,3/25/2020,1,Andalucía,3008,1433,116
34,3/26/2020,1,Andalucía,3404,1626,134
35,3/27/2020,1,Andalucía,3790,1843,148
36,3/28/2020,1,Andalucía,4271,2106,172
37,3/29/2020,1,Andalucía,4676,2294,201
38,3/30/2020,1,Andalucía,5398,2671,216
39,3/31/2020,1,Andalucía,5809,2867,235
40,4/1/2020,1,Andalucía,6379,3147,260
41,4/2/2020,1,Andalucía,6957,3444,280
42,4/3/2020,1,Andalucía,7353,3673,338
43,4/4/2020,1,Andalucía,7847,3896,364
44,4/5/2020,1,Andalucía,8279,4107,474
45,4/6/2020,1,Andalucía,8559,4227,489
46,4/7/2020,1,Andalucía,8743,4335,499
47,4/8/2020,1,Andalucía,8973,4463,520
48,4/9/2020,1,Andalucía,9234,4599,538
49,4/10/2020,1,Andalucía,9482,4715,582
50,4/11/2020,1,Andalucía,9682,4808,602
51,4/12/2020,1,Andalucía,9976,4950,619
52,4/13/2020,1,Andalucía,10062,4993,621
53,4/14/2020,1,Andalucía,10283,5054,631
54,4/15/2020,1,Andalucía,10561,5147,665
55,4/16/2020,1,Andalucía,10773,5226,671
56,4/17/2020,1,Andalucía,11018,5298,675
57,4/18/2020,1,Andalucía,11168,5341,677
58,4/19/2020,1,Andalucía,11389,5424,687
59,4/20/2020,1,Andalucía,11518,5473,690
60,4/21/2020,1,Andalucía,11648,5509,692
61,4/22/2020,1,Andalucía,11879,5565,696
62,4/23/2020,1,Andalucía,12195,5616,702
63,4/24/2020,1,Andalucía,12449,5675,714
64,4/25/2020,1,Andalucía,12774,5715,717
65,4/26/2020,1,Andalucía,12972,5747,716
66,4/27/2020,1,Andalucía,13108,5767,720
67,4/28/2020,1,Andalucía,13195,5792,721
68,4/29/2020,1,Andalucía,13445,5831,722
69,4/30/2020,1,Andalucía,13624,5873,721
70,5/1/2020,1,Andalucía,13881,5935,729
71,5/2/2020,1,Andalucía,14128,5961,735
72,5/3/2020,1,Andalucía,14251,5961,736
73,5/4/2020,1,Andalucía,14311,5973,738
74,5/5/2020,1,Andalucía,14351,5983,738
75,5/6/2020,1,Andalucía,14593,6012,740
76,5/7/2020,1,Andalucía,14824,6027,742
77,5/8/2020,1,Andalucía,15002,6038,742
78,5/9/2020,1,Andalucía,15180,6069,745
79,5/10/2020,1,Andalucía,15355,6080,745
80,5/11/2020,1,Andalucía,15422,6092,745
81,5/12/2020,1,Andalucía,15522,6101,745
82,5/13/2020,1,Andalucía,15629,6114,750
83,5/14/2020,1,Andalucía,15823,6128,751
84,5/15/2020,1,Andalucía,16068,6146,754
85,5/16/2020,1,Andalucía,16263,6161,758
86,5/17/2020,1,Andalucía,16432,6174,760
87,2/21/2020,2,Aragón,0,,
88,2/22/2020,2,Aragón,0,,
89,2/23/2020,2,Aragón,0,,
90,2/24/2020,2,Aragón,0,,
91,2/25/2020,2,Aragón,0,,
92,2/26/2020,2,Aragón,0,,
93,2/27/2020,2,Aragón,0,,
94,2/28/2020,2,Aragón,0,,
95,2/29/2020,2,Aragón,0,,
96,3/1/2020,2,Aragón,0,,
97,3/2/2020,2,Aragón,0,,
98,3/3/2020,2,Aragón,0,,
99,3/4/2020,2,Aragón,0,,
100,3/5/2020,2,Aragón,1,,
101,3/6/2020,2,Aragón,1,,
102,3/7/2020,2,Aragón,5,,
103,3/8/2020,2,Aragón,5,,
104,3/9/2020,2,Aragón,7,,3
105,3/10/2020,2,Aragón,30,,3
106,3/11/2020,2,Aragón,38,22,3
107,3/12/2020,2,Aragón,45,28,3
108,3/13/2020,2,Aragón,64,30,3
109,3/14/2020,2,Aragón,80,42,5
110,3/15/2020,2,Aragón,121,59,5
111,3/16/2020,2,Aragón,147,64,7
112,3/17/2020,2,Aragón,207,74,9
113,3/18/2020,2,Aragón,226,81,9
114,3/19/2020,2,Aragón,281,101,14
115,3/20/2020,2,Aragón,360,127,28
116,3/21/2020,2,Aragón,424,192,33
117,3/22/2020,2,Aragón,532,241,45
118,3/23/2020,2,Aragón,638,298,52
119,3/24/2020,2,Aragón,758,384,66
120,3/25/2020,2,Aragón,907,459,75
121,3/26/2020,2,Aragón,1116,562,93
122,3/27/2020,2,Aragón,1338,693,114
123,3/28/2020,2,Aragón,1592,835,124
124,3/29/2020,2,Aragón,1858,835,124
125,3/30/2020,2,Aragón,2078,1094,156
126,3/31/2020,2,Aragón,2272,1176,165
127,4/1/2020,2,Aragón,2491,1234,168
128,4/2/2020,2,Aragón,2700,1320,178
129,4/3/2020,2,Aragón,2889,1431,180
130,4/4/2020,2,Aragón,3078,1505,190
131,4/5/2020,2,Aragón,3232,1588,233
132,4/6/2020,2,Aragón,3347,1637,237
133,4/7/2020,2,Aragón,3449,1663,247
134,4/8/2020,2,Aragón,3549,1716,255
135,4/9/2020,2,Aragón,3685,1765,261
136,4/10/2020,2,Aragón,3831,1822,263
137,4/11/2020,2,Aragón,3998,1860,266
138,4/12/2020,2,Aragón,4125,1901,272
139,4/13/2020,2,Aragón,4248,1938,274
140,4/14/2020,2,Aragón,4332,1966,280
141,4/15/2020,2,Aragón,4450,2006,282
142,4/16/2020,2,Aragón,4566,2108,291
143,4/17/2020,2,Aragón,4664,2151,240
144,4/18/2020,2,Aragón,4761,2180,243
145,4/19/2020,2,Aragón,4831,2216,246
146,4/20/2020,2,Aragón,4886,2244,248
147,4/21/2020,2,Aragón,4938,2271,250
148,4/22/2020,2,Aragón,5054,2304,252
149,4/23/2020,2,Aragón,5237,2340,253
150,4/24/2020,2,Aragón,5295,2359,254
151,4/25/2020,2,Aragón,5382,2372,255
152,4/26/2020,2,Aragón,5456,2395,257
153,4/27/2020,2,Aragón,5504,2403,257
154,4/28/2020,2,Aragón,5557,2425,258
155,4/29/2020,2,Aragón,5652,2454,258
156,4/30/2020,2,Aragón,5971,2477,258
157,5/1/2020,2,Aragón,6103,2494,260
158,5/2/2020,2,Aragón,6164,2503,260
159,5/3/2020,2,Aragón,6208,2519,260
160,5/4/2020,2,Aragón,6239,2526,260
161,5/5/2020,2,Aragón,6282,2539,260
162,5/6/2020,2,Aragón,6382,2552,260
163,5/7/2020,2,Aragón,6516,2564,262
164,5/8/2020,2,Aragón,6575,2578,263
165,5/9/2020,2,Aragón,6656,2583,263
166,5/10/2020,2,Aragón,6702,2588,263
167,5/11/2020,2,Aragón,6731,2595,263
168,5/12/2020,2,Aragón,6797,2606,264
169,5/13/2020,2,Aragón,6856,2614,265
170,5/14/2020,2,Aragón,6943,2625,265
171,5/15/2020,2,Aragón,7015,2637,266
172,5/16/2020,2,Aragón,7125,2648,266
173,5/17/2020,2,Aragón,7177,2655,266
174,2/21/2020,3,Asturias,0,,
175,2/22/2020,3,Asturias,0,,
176,2/23/2020,3,Asturias,0,,
177,2/24/2020,3,Asturias,0,,
178,2/25/2020,3,Asturias,0,,
179,2/26/2020,3,Asturias,0,,
180,2/27/2020,3,Asturias,0,,
181,2/28/2020,3,Asturias,0,,
182,2/29/2020,3,Asturias,0,,
183,3/1/2020,3,Asturias,1,,
184,3/2/2020,3,Asturias,1,,
185,3/3/2020,3,Asturias,1,,
186,3/4/2020,3,Asturias,3,,
187,3/5/2020,3,Asturias,4,,
188,3/6/2020,3,Asturias,5,,
189,3/7/2020,3,Asturias,7,,
190,3/8/2020,3,Asturias,8,,
191,3/9/2020,3,Asturias,10,,2
192,3/10/2020,3,Asturias,21,,2
193,3/11/2020,3,Asturias,37,12,2
194,3/12/2020,3,Asturias,45,12,2
195,3/13/2020,3,Asturias,62,16,2
196,3/14/2020,3,Asturias,100,16,2
197,3/15/2020,3,Asturias,145,16,3
198,3/16/2020,3,Asturias,190,16,3
199,3/17/2020,3,Asturias,236,34,5
200,3/18/2020,3,Asturias,280,45,5
201,3/19/2020,3,Asturias,336,61,6
202,3/20/2020,3,Asturias,469,87,7
203,3/21/2020,3,Asturias,545,133,12
204,3/22/2020,3,Asturias,589,171,15
205,3/23/2020,3,Asturias,657,194,22
206,3/24/2020,3,Asturias,764,224,23
207,3/25/2020,3,Asturias,849,263,29
208,3/26/2020,3,Asturias,914,300,34
209,3/27/2020,3,Asturias,995,339,47
210,3/28/2020,3,Asturias,1077,408,50
211,3/29/2020,3,Asturias,1172,466,57
212,3/30/2020,3,Asturias,1251,479,60
213,3/31/2020,3,Asturias,1330,529,65
214,4/1/2020,3,Asturias,1392,590,76
215,4/2/2020,3,Asturias,1473,640,79
216,4/3/2020,3,Asturias,1533,702,86
217,4/4/2020,3,Asturias,1607,766,87
218,4/5/2020,3,Asturias,1650,808,90
219,4/6/2020,3,Asturias,1704,846,90
220,4/7/2020,3,Asturias,1730,889,91
221,4/8/2020,3,Asturias,1777,958,91
222,4/9/2020,3,Asturias,1861,1018,94
223,4/10/2020,3,Asturias,1911,1083,100
224,4/11/2020,3,Asturias,1974,1147,105
225,4/12/2020,3,Asturias,2058,1208,106
226,4/13/2020,3,Asturias,2088,1265,110
227,4/14/2020,3,Asturias,2139,1330,111
228,4/15/2020,3,Asturias,2208,1387,114
229,4/16/2020,3,Asturias,2288,1432,116
230,4/17/2020,3,Asturias,2327,1474,118
231,4/18/2020,3,Asturias,2373,1520,119
232,4/19/2020,3,Asturias,2393,1571,120
233,4/20/2020,3,Asturias,2408,1599,122
234,4/21/2020,3,Asturias,2453,1626,122
235,4/22/2020,3,Asturias,2515,1665,128
236,4/23/2020,3,Asturias,2561,1705,130
237,4/24/2020,3,Asturias,2601,1728,131
238,4/25/2020,3,Asturias,2653,1760,132
239,4/26/2020,3,Asturias,2703,1790,134
240,4/27/2020,3,Asturias,2736,1814,137
241,4/28/2020,3,Asturias,2809,1843,137
242,4/29/2020,3,Asturias,2876,1886,137
243,4/30/2020,3,Asturias,2933,1915,137
244,5/1/2020,3,Asturias,2974,1938,140
245,5/2/2020,3,Asturias,2997,1974,141
246,5/3/2020,3,Asturias,3018,1995,142
247,5/4/2020,3,Asturias,3030,2014,142
248,5/5/2020,3,Asturias,3058,2046,142
249,5/6/2020,3,Asturias,3094,2081,142
250,5/7/2020,3,Asturias,3099,2117,143
251,5/8/2020,3,Asturias,3157,2141,144
252,5/9/2020,3,Asturias,3183,2166,145
253,5/10/2020,3,Asturias,3197,2185,147
254,5/11/2020,3,Asturias,3212,2197,149
255,5/12/2020,3,Asturias,3226,2212,150
256,5/13/2020,3,Asturias,3252,2239,151
257,5/14/2020,3,Asturias,3266,2252,151
258,5/15/2020,3,Asturias,3295,2268,152
259,5/16/2020,3,Asturias,3327,2290,152
260,5/17/2020,3,Asturias,3344,2311,153
261,2/21/2020,4,Baleares,1,,
262,2/22/2020,4,Baleares,1,,
263,2/23/2020,4,Baleares,1,,
264,2/24/2020,4,Baleares,1,,
265,2/25/2020,4,Baleares,1,,
266,2/26/2020,4,Baleares,1,,
267,2/27/2020,4,Baleares,1,,
268,2/28/2020,4,Baleares,1,,
269,2/29/2020,4,Baleares,2,,
270,3/1/2020,4,Baleares,2,,
271,3/2/2020,4,Baleares,2,,
272,3/3/2020,4,Baleares,2,,
273,3/4/2020,4,Baleares,5,,
274,3/5/2020,4,Baleares,6,,
275,3/6/2020,4,Baleares,6,,
276,3/7/2020,4,Baleares,6,,
277,3/8/2020,4,Baleares,8,,
278,3/9/2020,4,Baleares,11,,1
279,3/10/2020,4,Baleares,13,,1
280,3/11/2020,4,Baleares,16,8,1
281,3/12/2020,4,Baleares,22,8,2
282,3/13/2020,4,Baleares,28,9,2
283,3/14/2020,4,Baleares,28,9,2
284,3/15/2020,4,Baleares,42,9,2
285,3/16/2020,4,Baleares,73,21,4
286,3/17/2020,4,Baleares,92,26,4
287,3/18/2020,4,Baleares,112,29,4
288,3/19/2020,4,Baleares,169,31,7
289,3/20/2020,4,Baleares,203,48,10
290,3/21/2020,4,Baleares,246,60,14
291,3/22/2020,4,Baleares,331,79,14
292,3/23/2020,4,Baleares,400,87,27
293,3/24/2020,4,Baleares,478,127,35
294,3/25/2020,4,Baleares,562,164,40
295,3/26/2020,4,Baleares,660,205,43
296,3/27/2020,4,Baleares,755,237,46
297,3/28/2020,4,Baleares,862,283,59
298,3/29/2020,4,Baleares,958,345,71
299,3/30/2020,4,Baleares,1000,353,80
300,3/31/2020,4,Baleares,1069,399,85
301,4/1/2020,4,Baleares,1131,467,94
302,4/2/2020,4,Baleares,1204,516,104
303,4/3/2020,4,Baleares,1257,586,111
304,4/4/2020,4,Baleares,1271,633,113
305,4/5/2020,4,Baleares,1293,663,119
306,4/6/2020,4,Baleares,1320,682,120
307,4/7/2020,4,Baleares,1369,704,123
308,4/8/2020,4,Baleares,1412,730,128
309,4/9/2020,4,Baleares,1448,750,131
310,4/10/2020,4,Baleares,1488,776,135
311,4/11/2020,4,Baleares,1507,777,136
312,4/12/2020,4,Baleares,1534,804,141
313,4/13/2020,4,Baleares,1550,810,142
314,4/14/2020,4,Baleares,1571,825,144
315,4/15/2020,4,Baleares,1605,856,148
316,4/16/2020,4,Baleares,1636,871,151
317,4/17/2020,4,Baleares,1667,904,151
318,4/18/2020,4,Baleares,1747,936,156
319,4/19/2020,4,Baleares,1772,954,159
320,4/20/2020,4,Baleares,1787,962,160
321,4/21/2020,4,Baleares,1807,985,160
322,4/22/2020,4,Baleares,1834,1004,165
323,4/23/2020,4,Baleares,1859,1021,165
324,4/24/2020,4,Baleares,1876,1039,165
325,4/25/2020,4,Baleares,1905,1057,165
326,4/26/2020,4,Baleares,1915,1061,165
327,4/27/2020,4,Baleares,1920,1061,165
328,4/28/2020,4,Baleares,1938,1073,165
329,4/29/2020,4,Baleares,1948,1078,165
330,4/30/2020,4,Baleares,1953,1081,166
331,5/1/2020,4,Baleares,1968,1089,166
332,5/2/2020,4,Baleares,1982,1093,166
333,5/3/2020,4,Baleares,1988,1098,166
334,5/4/2020,4,Baleares,1989,1101,166
335,5/5/2020,4,Baleares,1995,1109,167
336,5/6/2020,4,Baleares,2011,1121,167
337,5/7/2020,4,Baleares,2021,1125,167
338,5/8/2020,4,Baleares,2027,1125,167
339,5/9/2020,4,Baleares,2040,1125,168
340,5/10/2020,4,Baleares,2053,1125,168
341,5/11/2020,4,Baleares,2056,1125,168
342,5/12/2020,4,Baleares,2056,1126,169
343,5/13/2020,4,Baleares,2061,1131,171
344,5/14/2020,4,Baleares,2062,1131,171
345,5/15/2020,4,Baleares,2071,1134,169
346,5/16/2020,4,Baleares,2087,1134,169
347,5/17/2020,4,Baleares,2096,1136,170
348,2/21/2020,5,Canarias,1,,
349,2/22/2020,5,Canarias,1,,
350,2/23/2020,5,Canarias,1,,
351,2/24/2020,5,Canarias,1,,
352,2/25/2020,5,Canarias,2,,
353,2/26/2020,5,Canarias,5,,
354,2/27/2020,5,Canarias,6,,
355,2/28/2020,5,Canarias,6,,
356,2/29/2020,5,Canarias,6,,
357,3/1/2020,5,Canarias,7,,
358,3/2/2020,5,Canarias,7,,
359,3/3/2020,5,Canarias,7,,
360,3/4/2020,5,Canarias,7,,
361,3/5/2020,5,Canarias,8,,
362,3/6/2020,5,Canarias,11,,
363,3/7/2020,5,Canarias,11,,
364,3/8/2020,5,Canarias,17,,
365,3/9/2020,5,Canarias,22,,0
366,3/10/2020,5,Canarias,25,,1
367,3/11/2020,5,Canarias,37,10,1
368,3/12/2020,5,Canarias,51,15,3
369,3/13/2020,5,Canarias,70,15,3
370,3/14/2020,5,Canarias,90,15,6
371,3/15/2020,5,Canarias,109,15,6
372,3/16/2020,5,Canarias,119,40,9
373,3/17/2020,5,Canarias,148,56,13
374,3/18/2020,5,Canarias,181,73,17
375,3/19/2020,5,Canarias,220,82,23
376,3/20/2020,5,Canarias,287,115,25
377,3/21/2020,5,Canarias,348,139,29
378,3/22/2020,5,Canarias,414,150,32
379,3/23/2020,5,Canarias,481,172,32
380,3/24/2020,5,Canarias,557,207,36
381,3/25/2020,5,Canarias,657,235,43
382,3/26/2020,5,Canarias,784,279,45
383,3/27/2020,5,Canarias,878,328,61
384,3/28/2020,5,Canarias,1025,377,68
385,3/29/2020,5,Canarias,1125,425,78
386,3/30/2020,5,Canarias,1204,444,84
387,3/31/2020,5,Canarias,1262,483,94
388,4/1/2020,5,Canarias,1380,532,110
389,4/2/2020,5,Canarias,1444,566,113
390,4/3/2020,5,Canarias,1490,605,120
391,4/4/2020,5,Canarias,1564,632,128
392,4/5/2020,5,Canarias,1622,644,129
393,4/6/2020,5,Canarias,1649,651,133
394,4/7/2020,5,Canarias,1725,689,137
395,4/8/2020,5,Canarias,1762,703,138
396,4/9/2020,5,Canarias,1834,730,140
397,4/10/2020,5,Canarias,1858,738,141
398,4/11/2020,5,Canarias,1887,745,144
399,4/12/2020,5,Canarias,1918,758,144
400,4/13/2020,5,Canarias,1944,763,145
401,4/14/2020,5,Canarias,1958,771,147
402,4/15/2020,5,Canarias,1975,781,152
403,4/16/2020,5,Canarias,1988,802,156
404,4/17/2020,5,Canarias,2009,811,159
405,4/18/2020,5,Canarias,2035,822,160
406,4/19/2020,5,Canarias,2047,825,162
407,4/20/2020,5,Canarias,2067,826,163
408,4/21/2020,5,Canarias,2085,837,164
409,4/22/2020,5,Canarias,2094,841,164
410,4/23/2020,5,Canarias,2113,855,169
411,4/24/2020,5,Canarias,2140,868,169
412,4/25/2020,5,Canarias,2155,878,171
413,4/26/2020,5,Canarias,2167,880,171
414,4/27/2020,5,Canarias,2178,881,171
415,4/28/2020,5,Canarias,2187,900,174
416,4/29/2020,5,Canarias,2202,906,175
417,4/30/2020,5,Canarias,2205,909,175
418,5/1/2020,5,Canarias,2206,914,175
419,5/2/2020,5,Canarias,2212,918,175
420,5/3/2020,5,Canarias,2221,919,175
421,5/4/2020,5,Canarias,2225,919,175
422,5/5/2020,5,Canarias,2231,920,176
423,5/6/2020,5,Canarias,2231,920,176
424,5/7/2020,5,Canarias,2235,921,176
425,5/8/2020,5,Canarias,2240,927,176
426,5/9/2020,5,Canarias,2250,935,178
427,5/10/2020,5,Canarias,2258,935,178
428,5/11/2020,5,Canarias,2260,936,178
429,5/12/2020,5,Canarias,2268,937,178
430,5/13/2020,5,Canarias,2271,937,178
431,5/14/2020,5,Canarias,2275,937,178
432,5/15/2020,5,Canarias,2280,938,178
433,5/16/2020,5,Canarias,2284,939,178
434,5/17/2020,5,Canarias,2289,939,178
435,2/21/2020,6,Cantabria,0,,
436,2/22/2020,6,Cantabria,0,,
437,2/23/2020,6,Cantabria,0,,
438,2/24/2020,6,Cantabria,0,,
439,2/25/2020,6,Cantabria,0,,
440,2/26/2020,6,Cantabria,0,,
441,2/27/2020,6,Cantabria,0,,
442,2/28/2020,6,Cantabria,0,,
443,2/29/2020,6,Cantabria,0,,
444,3/1/2020,6,Cantabria,1,,
445,3/2/2020,6,Cantabria,10,,
446,3/3/2020,6,Cantabria,10,,
447,3/4/2020,6,Cantabria,10,,
448,3/5/2020,6,Cantabria,10,,
449,3/6/2020,6,Cantabria,10,,
450,3/7/2020,6,Cantabria,10,,
451,3/8/2020,6,Cantabria,12,,
452,3/9/2020,6,Cantabria,12,,0
453,3/10/2020,6,Cantabria,12,,0
454,3/11/2020,6,Cantabria,12,0,0
455,3/12/2020,6,Cantabria,16,3,0
456,3/13/2020,6,Cantabria,29,3,0
457,3/14/2020,6,Cantabria,31,3,0
458,3/15/2020,6,Cantabria,51,3,0
459,3/16/2020,6,Cantabria,58,18,2
460,3/17/2020,6,Cantabria,58,18,2
461,3/18/2020,6,Cantabria,68,25,3
462,3/19/2020,6,Cantabria,83,40,4
463,3/20/2020,6,Cantabria,144,61,7
464,3/21/2020,6,Cantabria,215,92,9
465,3/22/2020,6,Cantabria,282,116,9
466,3/23/2020,6,Cantabria,347,157,14
467,3/24/2020,6,Cantabria,425,200,16
468,3/25/2020,6,Cantabria,510,241,18
469,3/26/2020,6,Cantabria,671,300,26
470,3/27/2020,6,Cantabria,810,355,29
471,3/28/2020,6,Cantabria,937,406,37
472,3/29/2020,6,Cantabria,1023,449,40
473,3/30/2020,6,Cantabria,1100,481,46
474,3/31/2020,6,Cantabria,1171,522,50
475,4/1/2020,6,Cantabria,1213,543,54
476,4/2/2020,6,Cantabria,1268,567,57
477,4/3/2020,6,Cantabria,1321,592,59
478,4/4/2020,6,Cantabria,1384,619,60
479,4/5/2020,6,Cantabria,1441,639,62
480,4/6/2020,6,Cantabria,1483,658,65
481,4/7/2020,6,Cantabria,1501,677,66
482,4/8/2020,6,Cantabria,1572,700,69
483,4/9/2020,6,Cantabria,1619,720,71
484,4/10/2020,6,Cantabria,1659,747,73
485,4/11/2020,6,Cantabria,1719,773,75
486,4/12/2020,6,Cantabria,1752,805,75
487,4/13/2020,6,Cantabria,1777,827,75
488,4/14/2020,6,Cantabria,1796,853,76
489,4/15/2020,6,Cantabria,1823,873,76
490,4/16/2020,6,Cantabria,1845,890,77
491,4/17/2020,6,Cantabria,1884,903,78
492,4/18/2020,6,Cantabria,1990,911,78
493,4/19/2020,6,Cantabria,2050,924,78
494,4/20/2020,6,Cantabria,2083,934,78
495,4/21/2020,6,Cantabria,2108,948,78
496,4/22/2020,6,Cantabria,2160,956,78
497,4/23/2020,6,Cantabria,2206,965,78
498,4/24/2020,6,Cantabria,2273,978,78
499,4/25/2020,6,Cantabria,2315,982,78
500,4/26/2020,6,Cantabria,2330,991,78
501,4/27/2020,6,Cantabria,2350,995,78
502,4/28/2020,6,Cantabria,2386,1000,78
503,4/29/2020,6,Cantabria,2439,1006,79
504,4/30/2020,6,Cantabria,2505,1007,79
505,5/1/2020,6,Cantabria,2547,1009,79
506,5/2/2020,6,Cantabria,2577,1009,79
507,5/3/2020,6,Cantabria,2589,1010,79
508,5/4/2020,6,Cantabria,2596,1011,79
509,5/5/2020,6,Cantabria,2607,1015,79
510,5/6/2020,6,Cantabria,2626,1018,79
511,5/7/2020,6,Cantabria,2642,1020,79
512,5/8/2020,6,Cantabria,2665,1022,79
513,5/9/2020,6,Cantabria,2681,1023,79
514,5/10/2020,6,Cantabria,2684,1027,79
515,5/11/2020,6,Cantabria,2685,1027,79
516,5/12/2020,6,Cantabria,2691,1027,79
517,5/13/2020,6,Cantabria,2733,1029,79
518,5/14/2020,6,Cantabria,2739,1030,79
519,5/15/2020,6,Cantabria,2761,1031,79
520,5/16/2020,6,Cantabria,2770,1032,79
521,5/17/2020,6,Cantabria,2773,1033,79
522,2/21/2020,8,Castilla La Mancha,0,,
523,2/22/2020,8,Castilla La Mancha,0,,
524,2/23/2020,8,Castilla La Mancha,0,,
525,2/24/2020,8,Castilla La Mancha,0,,
526,2/25/2020,8,Castilla La Mancha,0,,
527,2/26/2020,8,Castilla La Mancha,0,,
528,2/27/2020,8,Castilla La Mancha,0,,
529,2/28/2020,8,Castilla La Mancha,0,,
530,2/29/2020,8,Castilla La Mancha,0,,
531,3/1/2020,8,Castilla La Mancha,1,,
532,3/2/2020,8,Castilla La Mancha,3,,
533,3/3/2020,8,Castilla La Mancha,7,,
534,3/4/2020,8,Castilla La Mancha,12,,
535,3/5/2020,8,Castilla La Mancha,13,,
536,3/6/2020,8,Castilla La Mancha,15,,
537,3/7/2020,8,Castilla La Mancha,15,,
538,3/8/2020,8,Castilla La Mancha,15,,
539,3/9/2020,8,Castilla La Mancha,26,,2
540,3/10/2020,8,Castilla La Mancha,39,,3
541,3/11/2020,8,Castilla La Mancha,71,0,5
542,3/12/2020,8,Castilla La Mancha,115,39,9
543,3/13/2020,8,Castilla La Mancha,194,78,10
544,3/14/2020,8,Castilla La Mancha,289,78,10
545,3/15/2020,8,Castilla La Mancha,401,78,10
546,3/16/2020,8,Castilla La Mancha,567,207,23
547,3/17/2020,8,Castilla La Mancha,567,207,23
548,3/18/2020,8,Castilla La Mancha,675,277,29
549,3/19/2020,8,Castilla La Mancha,801,313,37
550,3/20/2020,8,Castilla La Mancha,1044,313,37
551,3/21/2020,8,Castilla La Mancha,1423,635,65
552,3/22/2020,8,Castilla La Mancha,1819,838,76
553,3/23/2020,8,Castilla La Mancha,2078,1547,142
554,3/24/2020,8,Castilla La Mancha,2465,1826,182
555,3/25/2020,8,Castilla La Mancha,2780,2162,210
556,3/26/2020,8,Castilla La Mancha,3383,2162,243
557,3/27/2020,8,Castilla La Mancha,3934,2707,273
558,3/28/2020,8,Castilla La Mancha,4512,2977,289
559,3/29/2020,8,Castilla La Mancha,5246,3018,299
560,3/30/2020,8,Castilla La Mancha,5858,3134,302
561,3/31/2020,8,Castilla La Mancha,6424,3225,344
562,4/1/2020,8,Castilla La Mancha,7047,3230,353
563,4/2/2020,8,Castilla La Mancha,7682,3230,355
564,4/3/2020,8,Castilla La Mancha,8523,3168,355
565,4/4/2020,8,Castilla La Mancha,9324,3133,360
566,4/5/2020,8,Castilla La Mancha,10031,2950,357
567,4/6/2020,8,Castilla La Mancha,10602,2901,354
568,4/7/2020,8,Castilla La Mancha,11077,2908,360
569,4/8/2020,8,Castilla La Mancha,11788,2731,354
570,4/9/2020,8,Castilla La Mancha,12489,2575,342
571,4/10/2020,8,Castilla La Mancha,13063,2359,329
572,4/11/2020,8,Castilla La Mancha,13456,2198,316
573,4/12/2020,8,Castilla La Mancha,13698,6838,316
574,4/13/2020,8,Castilla La Mancha,14054,7782,475
575,4/14/2020,8,Castilla La Mancha,14329,7830,486
576,4/15/2020,8,Castilla La Mancha,14680,7896,495
577,4/16/2020,8,Castilla La Mancha,15151,7987,503
578,4/17/2020,8,Castilla La Mancha,15997,8018,511
579,4/18/2020,8,Castilla La Mancha,16349,8093,514
580,4/19/2020,8,Castilla La Mancha,16625,8137,518
581,4/20/2020,8,Castilla La Mancha,16796,8173,531
582,4/21/2020,8,Castilla La Mancha,17045,8199,534
583,4/22/2020,8,Castilla La Mancha,17321,8243,537
584,4/23/2020,8,Castilla La Mancha,17557,8304,546
585,4/24/2020,8,Castilla La Mancha,18053,8342,553
586,4/25/2020,8,Castilla La Mancha,18525,8385,559
587,4/26/2020,8,Castilla La Mancha,18995,8417,565
588,4/27/2020,8,Castilla La Mancha,19286,8444,579
589,4/28/2020,8,Castilla La Mancha,19518,8464,584
590,4/29/2020,8,Castilla La Mancha,19795,8523,588
591,4/30/2020,8,Castilla La Mancha,20071,8567,592
592,5/1/2020,8,Castilla La Mancha,20516,8618,596
593,5/2/2020,8,Castilla La Mancha,21023,8645,601
594,5/3/2020,8,Castilla La Mancha,21290,8676,604
595,5/4/2020,8,Castilla La Mancha,21511,8698,606
596,5/5/2020,8,Castilla La Mancha,21656,8725,609
597,5/6/2020,8,Castilla La Mancha,22166,8765,612
598,5/7/2020,8,Castilla La Mancha,22567,8796,613
599,5/8/2020,8,Castilla La Mancha,22908,8828,617
600,5/9/2020,8,Castilla La Mancha,23293,8867,621
601,5/10/2020,8,Castilla La Mancha,23662,8895,623
602,5/11/2020,8,Castilla La Mancha,23869,8918,624
603,5/12/2020,8,Castilla La Mancha,24051,8940,629
604,5/13/2020,8,Castilla La Mancha,24185,8963,632
605,5/14/2020,8,Castilla La Mancha,24331,8980,634
606,5/15/2020,8,Castilla La Mancha,24527,9001,635
607,5/16/2020,8,Castilla La Mancha,24776,9027,636
608,5/17/2020,8,Castilla La Mancha,24908,9054,637
609,2/21/2020,7,Castilla y León,0,,
610,2/22/2020,7,Castilla y León,0,,
611,2/23/2020,7,Castilla y León,0,,
612,2/24/2020,7,Castilla y León,0,,
613,2/25/2020,7,Castilla y León,0,,
614,2/26/2020,7,Castilla y León,0,,
615,2/27/2020,7,Castilla y León,0,,
616,2/28/2020,7,Castilla y León,2,,
617,2/29/2020,7,Castilla y León,2,,
618,3/1/2020,7,Castilla y León,3,,
619,3/2/2020,7,Castilla y León,3,,
620,3/3/2020,7,Castilla y León,8,,
621,3/4/2020,7,Castilla y León,11,,
622,3/5/2020,7,Castilla y León,11,,
623,3/6/2020,7,Castilla y León,14,,
624,3/7/2020,7,Castilla y León,14,,
625,3/8/2020,7,Castilla y León,22,,
626,3/9/2020,7,Castilla y León,23,,2
627,3/10/2020,7,Castilla y León,56,,2
628,3/11/2020,7,Castilla y León,71,24,5
629,3/12/2020,7,Castilla y León,92,25,7
630,3/13/2020,7,Castilla y León,169,25,8
631,3/14/2020,7,Castilla y León,223,25,15
632,3/15/2020,7,Castilla y León,292,45,22
633,3/16/2020,7,Castilla y León,334,95,29
634,3/17/2020,7,Castilla y León,431,95,36
635,3/18/2020,7,Castilla y León,668,281,50
636,3/19/2020,7,Castilla y León,868,362,63
637,3/20/2020,7,Castilla y León,1147,476,75
638,3/21/2020,7,Castilla y León,1466,629,96
639,3/22/2020,7,Castilla y León,1744,798,111
640,3/23/2020,7,Castilla y León,2055,977,130
641,3/24/2020,7,Castilla y León,2460,1197,151
642,3/25/2020,7,Castilla y León,2940,1457,179
643,3/26/2020,7,Castilla y León,3488,1823,198
644,3/27/2020,7,Castilla y León,4132,2214,215
645,3/28/2020,7,Castilla y León,4791,2648,238
646,3/29/2020,7,Castilla y León,5414,3160,261
647,3/30/2020,7,Castilla y León,5801,3411,272
648,3/31/2020,7,Castilla y León,6211,3629,294
649,4/1/2020,7,Castilla y León,6847,3951,318
650,4/2/2020,7,Castilla y León,7355,4207,332
651,4/3/2020,7,Castilla y León,7875,4472,342
652,4/4/2020,7,Castilla y León,8332,4685,351
653,4/5/2020,7,Castilla y León,8749,4905,361
654,4/6/2020,7,Castilla y León,9116,5041,368
655,4/7/2020,7,Castilla y León,9581,5180,375
656,4/8/2020,7,Castilla y León,10058,5322,386
657,4/9/2020,7,Castilla y León,10518,5523,399
658,4/10/2020,7,Castilla y León,11102,5674,407
659,4/11/2020,7,Castilla y León,11543,5817,414
660,4/12/2020,7,Castilla y León,12118,5957,418
661,4/13/2020,7,Castilla y León,12628,6077,423
662,4/14/2020,7,Castilla y León,13180,6175,432
663,4/15/2020,7,Castilla y León,13697,6306,440
664,4/16/2020,7,Castilla y León,14380,6449,445
665,4/17/2020,7,Castilla y León,14903,6518,449
666,4/18/2020,7,Castilla y León,15293,6831,495
667,4/19/2020,7,Castilla y León,15621,6981,498
668,4/20/2020,7,Castilla y León,15857,7080,501
669,4/21/2020,7,Castilla y León,16259,7174,503
670,4/22/2020,7,Castilla y León,16839,7264,505
671,4/23/2020,7,Castilla y León,17402,7397,508
672,4/24/2020,7,Castilla y León,17776,7506,510
673,4/25/2020,7,Castilla y León,18259,7555,511
674,4/26/2020,7,Castilla y León,18684,7653,515
675,4/27/2020,7,Castilla y León,19028,7703,518
676,4/28/2020,7,Castilla y León,19372,7777,522
677,4/29/2020,7,Castilla y León,19851,7854,524
678,4/30/2020,7,Castilla y León,20312,7957,528
679,5/1/2020,7,Castilla y León,20739,8010,531
680,5/2/2020,7,Castilla y León,20999,8054,531
681,5/3/2020,7,Castilla y León,21229,8085,533
682,5/4/2020,7,Castilla y León,21379,8123,534
683,5/5/2020,7,Castilla y León,21719,8153,537
684,5/6/2020,7,Castilla y León,22156,8246,538
685,5/7/2020,7,Castilla y León,22537,8300,541
686,5/8/2020,7,Castilla y León,22926,8357,543
687,5/9/2020,7,Castilla y León,23452,8394,546
688,5/10/2020,7,Castilla y León,23821,8468,546
689,5/11/2020,7,Castilla y León,23991,8482,547
690,5/12/2020,7,Castilla y León,24170,8493,547
691,5/13/2020,7,Castilla y León,24262,8517,547
692,5/14/2020,7,Castilla y León,24379,8560,548
693,5/15/2020,7,Castilla y León,24498,8595,548
694,5/16/2020,7,Castilla y León,24595,8649,549
695,5/17/2020,7,Castilla y León,24696,8690,550
696,2/21/2020,9,Cataluña,0,,
697,2/22/2020,9,Cataluña,0,,
698,2/23/2020,9,Cataluña,0,,
699,2/24/2020,9,Cataluña,0,,
700,2/25/2020,9,Cataluña,0,,
701,2/26/2020,9,Cataluña,1,,
702,2/27/2020,9,Cataluña,2,,
703,2/28/2020,9,Cataluña,3,,
704,2/29/2020,9,Cataluña,5,,
705,3/1/2020,9,Cataluña,6,,
706,3/2/2020,9,Cataluña,15,,
707,3/3/2020,9,Cataluña,15,,
708,3/4/2020,9,Cataluña,15,,
709,3/5/2020,9,Cataluña,24,,
710,3/6/2020,9,Cataluña,24,,
711,3/7/2020,9,Cataluña,24,,
712,3/8/2020,9,Cataluña,49,,
713,3/9/2020,9,Cataluña,59,16,5
714,3/10/2020,9,Cataluña,82,31,7
715,3/11/2020,9,Cataluña,123,50,8
716,3/12/2020,9,Cataluña,202,74,16
717,3/13/2020,9,Cataluña,349,137,22
718,3/14/2020,9,Cataluña,558,200,29
719,3/15/2020,9,Cataluña,742,287,40
720,3/16/2020,9,Cataluña,1017,375,52
721,3/17/2020,9,Cataluña,1414,525,73
722,3/18/2020,9,Cataluña,1866,679,101
723,3/19/2020,9,Cataluña,2702,825,118
724,3/20/2020,9,Cataluña,3270,994,175
725,3/21/2020,9,Cataluña,4203,1681,271
726,3/22/2020,9,Cataluña,5046,1917,290
727,3/23/2020,9,Cataluña,5747,2158,308
728,3/24/2020,9,Cataluña,7864,3209,471
729,3/25/2020,9,Cataluña,9937,4349,713
730,3/26/2020,9,Cataluña,11592,5371,764
731,3/27/2020,9,Cataluña,12940,6714,972
732,3/28/2020,9,Cataluña,14263,7954,1036
733,3/29/2020,9,Cataluña,15025,8447,1080
734,3/30/2020,9,Cataluña,16104,9126,1150
735,3/31/2020,9,Cataluña,18520,9925,1218
736,4/1/2020,9,Cataluña,19991,11446,1345
737,4/2/2020,9,Cataluña,21804,12398,1415
738,4/3/2020,9,Cataluña,23460,13101,1482
739,4/4/2020,9,Cataluña,24734,14251,1569
740,4/5/2020,9,Cataluña,26032,14798,1653
741,4/6/2020,9,Cataluña,26824,15258,1685
742,4/7/2020,9,Cataluña,28323,15643,1740
743,4/8/2020,9,Cataluña,29647,16235,1829
744,4/9/2020,9,Cataluña,31043,16970,1946
745,4/10/2020,9,Cataluña,31824,17780,1966
746,4/11/2020,9,Cataluña,32984,18194,1989
747,4/12/2020,9,Cataluña,34027,18772,2018
748,4/13/2020,9,Cataluña,34726,18963,2084
749,4/14/2020,9,Cataluña,35197,19224,2102
750,4/15/2020,9,Cataluña,36505,20264,2189
751,4/16/2020,9,Cataluña,37354,20553,2252
752,4/17/2020,9,Cataluña,38316,21242,2305
753,4/18/2020,9,Cataluña,40095,22013,2349
754,4/19/2020,9,Cataluña,40600,22235,2395
755,4/20/2020,9,Cataluña,42703,22375,2409
756,4/21/2020,9,Cataluña,44139,22796,2437
757,4/22/2020,9,Cataluña,44829,23295,2460
758,4/23/2020,9,Cataluña,45919,23647,2478
759,4/24/2020,9,Cataluña,46571,24130,2569
760,4/25/2020,9,Cataluña,47288,24130,2576
761,4/26/2020,9,Cataluña,47838,25665,2583
762,4/27/2020,9,Cataluña,48782,25799,2724
763,4/28/2020,9,Cataluña,49185,26230,2750
764,4/29/2020,9,Cataluña,49681,26546,2768
765,4/30/2020,9,Cataluña,49943,26763,2784
766,5/1/2020,9,Cataluña,50334,26932,2795
767,5/2/2020,9,Cataluña,50877,27049,2811
768,5/3/2020,9,Cataluña,51261,27257,2844
769,5/4/2020,9,Cataluña,51393,27321,2847
770,5/5/2020,9,Cataluña,51798,27745,2856
771,5/6/2020,9,Cataluña,52090,28085,2871
772,5/7/2020,9,Cataluña,52505,28248,2891
773,5/8/2020,9,Cataluña,53209,28608,2949
774,5/9/2020,9,Cataluña,53578,28687,2983
775,5/10/2020,9,Cataluña,53805,28784,2991
776,5/11/2020,9,Cataluña,56450,28820,2995
777,5/12/2020,9,Cataluña,56787,29138,2995
778,5/13/2020,9,Cataluña,56930,29267,3034
779,5/14/2020,9,Cataluña,56956,29305,3048
780,5/15/2020,9,Cataluña,57205,29339,3049
781,5/16/2020,9,Cataluña,57351,29339,3049
782,5/17/2020,9,Cataluña,57467,29449,3062
783,2/21/2020,18,Ceuta,0,,
784,2/22/2020,18,Ceuta,0,,
785,2/23/2020,18,Ceuta,0,,
786,2/24/2020,18,Ceuta,0,,
787,2/25/2020,18,Ceuta,0,,
788,2/26/2020,18,Ceuta,0,,
789,2/27/2020,18,Ceuta,0,,
790,2/28/2020,18,Ceuta,0,,
791,2/29/2020,18,Ceuta,0,,
792,3/1/2020,18,Ceuta,0,,
793,3/2/2020,18,Ceuta,0,,
794,3/3/2020,18,Ceuta,0,,
795,3/4/2020,18,Ceuta,0,,
796,3/5/2020,18,Ceuta,0,,
797,3/6/2020,18,Ceuta,0,,
798,3/7/2020,18,Ceuta,0,,
799,3/8/2020,18,Ceuta,0,,
800,3/9/2020,18,Ceuta,0,,0
801,3/10/2020,18,Ceuta,0,,0
802,3/11/2020,18,Ceuta,0,0,0
803,3/12/2020,18,Ceuta,0,0,0
804,3/13/2020,18,Ceuta,0,0,0
805,3/14/2020,18,Ceuta,0,0,0
806,3/15/2020,18,Ceuta,1,0,0
807,3/16/2020,18,Ceuta,1,0,0
808,3/17/2020,18,Ceuta,1,0,0
809,3/18/2020,18,Ceuta,1,0,0
810,3/19/2020,18,Ceuta,1,0,0
811,3/20/2020,18,Ceuta,5,0,0
812,3/21/2020,18,Ceuta,5,0,0
813,3/22/2020,18,Ceuta,5,0,0
814,3/23/2020,18,Ceuta,6,0,0
815,3/24/2020,18,Ceuta,6,0,0
816,3/25/2020,18,Ceuta,9,2,1
817,3/26/2020,18,Ceuta,10,2,2
818,3/27/2020,18,Ceuta,17,2,2
819,3/28/2020,18,Ceuta,17,2,2
820,3/29/2020,18,Ceuta,21,2,2
821,3/30/2020,18,Ceuta,25,2,2
822,3/31/2020,18,Ceuta,34,3,3
823,4/1/2020,18,Ceuta,51,6,3
824,4/2/2020,18,Ceuta,55,7,3
825,4/3/2020,18,Ceuta,62,8,3
826,4/4/2020,18,Ceuta,73,8,4
827,4/5/2020,18,Ceuta,83,9,4
828,4/6/2020,18,Ceuta,83,9,4
829,4/7/2020,18,Ceuta,83,9,4
830,4/8/2020,18,Ceuta,84,9,4
831,4/9/2020,18,Ceuta,84,9,4
832,4/10/2020,18,Ceuta,91,9,4
833,4/11/2020,18,Ceuta,93,9,4
834,4/12/2020,18,Ceuta,93,9,4
835,4/13/2020,18,Ceuta,95,9,4
836,4/14/2020,18,Ceuta,96,9,4
837,4/15/2020,18,Ceuta,98,9,4
838,4/16/2020,18,Ceuta,100,9,4
839,4/17/2020,18,Ceuta,101,9,4
840,4/18/2020,18,Ceuta,111,9,4
841,4/19/2020,18,Ceuta,112,9,4
842,4/20/2020,18,Ceuta,114,9,4
843,4/21/2020,18,Ceuta,114,9,4
844,4/22/2020,18,Ceuta,124,9,4
845,4/23/2020,18,Ceuta,124,9,4
846,4/24/2020,18,Ceuta,125,10,4
847,4/25/2020,18,Ceuta,125,10,4
848,4/26/2020,18,Ceuta,131,10,4
849,4/27/2020,18,Ceuta,131,10,4
850,4/28/2020,18,Ceuta,134,10,4
851,4/29/2020,18,Ceuta,139,10,4
852,4/30/2020,18,Ceuta,146,10,4
853,5/1/2020,18,Ceuta,151,10,4
854,5/2/2020,18,Ceuta,152,10,4
855,5/3/2020,18,Ceuta,152,10,4
856,5/4/2020,18,Ceuta,152,10,4
857,5/5/2020,18,Ceuta,155,10,4
858,5/6/2020,18,Ceuta,164,10,4
859,5/7/2020,18,Ceuta,165,10,4
860,5/8/2020,18,Ceuta,168,11,4
861,5/9/2020,18,Ceuta,169,11,4
862,5/10/2020,18,Ceuta,169,11,4
863,5/11/2020,18,Ceuta,169,11,4
864,5/12/2020,18,Ceuta,173,11,4
865,5/13/2020,18,Ceuta,173,11,4
866,5/14/2020,18,Ceuta,175,11,4
867,5/15/2020,18,Ceuta,175,11,4
868,5/16/2020,18,Ceuta,175,11,4
869,5/17/2020,18,Ceuta,175,11,4
870,2/21/2020,10,C. Valenciana,0,26,0
871,2/22/2020,10,C. Valenciana,0,30,1
872,2/23/2020,10,C. Valenciana,0,33,1
873,2/24/2020,10,C. Valenciana,0,38,2
874,2/25/2020,10,C. Valenciana,0,49,2
875,2/26/2020,10,C. Valenciana,1,58,2
876,2/27/2020,10,C. Valenciana,2,63,3
877,2/28/2020,10,C. Valenciana,8,73,3
878,2/29/2020,10,C. Valenciana,10,78,3
879,3/1/2020,10,C. Valenciana,15,85,3
880,3/2/2020,10,C. Valenciana,15,88,3
881,3/3/2020,10,C. Valenciana,15,93,3
882,3/4/2020,10,C. Valenciana,19,105,5
883,3/5/2020,10,C. Valenciana,19,117,6
884,3/6/2020,10,C. Valenciana,30,130,8
885,3/7/2020,10,C. Valenciana,30,138,8
886,3/8/2020,10,C. Valenciana,37,146,9
887,3/9/2020,10,C. Valenciana,37,153,9
888,3/10/2020,10,C. Valenciana,50,171,10
889,3/11/2020,10,C. Valenciana,65,200,12
890,3/12/2020,10,C. Valenciana,76,232,15
891,3/13/2020,10,C. Valenciana,94,271,22
892,3/14/2020,10,C. Valenciana,130,307,29
893,3/15/2020,10,C. Valenciana,409,339,37
894,3/16/2020,10,C. Valenciana,409,390,47
895,3/17/2020,10,C. Valenciana,541,456,52
896,3/18/2020,10,C. Valenciana,726,530,65
897,3/19/2020,10,C. Valenciana,921,647,85
898,3/20/2020,10,C. Valenciana,1105,777,101
899,3/21/2020,10,C. Valenciana,1363,947,129
900,3/22/2020,10,C. Valenciana,1604,1136,152
901,3/23/2020,10,C. Valenciana,1901,1311,181
902,3/24/2020,10,C. Valenciana,2167,1562,222
903,3/25/2020,10,C. Valenciana,2616,1842,255
904,3/26/2020,10,C. Valenciana,3200,2097,289
905,3/27/2020,10,C. Valenciana,3532,2357,325
906,3/28/2020,10,C. Valenciana,4034,2606,348
907,3/29/2020,10,C. Valenciana,4784,2773,375
908,3/30/2020,10,C. Valenciana,5110,2914,393
909,3/31/2020,10,C. Valenciana,5508,3111,416
910,4/1/2020,10,C. Valenciana,5922,3253,434
911,4/2/2020,10,C. Valenciana,6308,3389,449
912,4/3/2020,10,C. Valenciana,6624,3492,460
913,4/4/2020,10,C. Valenciana,6901,3560,470
914,4/5/2020,10,C. Valenciana,7184,3620,478
915,4/6/2020,10,C. Valenciana,7334,3668,487
916,4/7/2020,10,C. Valenciana,7443,3698,492
917,4/8/2020,10,C. Valenciana,7655,3713,496
918,4/9/2020,10,C. Valenciana,7964,3815,541
919,4/10/2020,10,C. Valenciana,8331,3987,561
920,4/11/2020,10,C. Valenciana,8578,4132,565
921,4/12/2020,10,C. Valenciana,8841,4149,567
922,4/13/2020,10,C. Valenciana,9060,4269,576
923,4/14/2020,10,C. Valenciana,9213,4397,581
924,4/15/2020,10,C. Valenciana,9424,4465,588
925,4/16/2020,10,C. Valenciana,9615,4524,625
926,4/17/2020,10,C. Valenciana,9783,4605,632
927,4/18/2020,10,C. Valenciana,10117,4708,636
928,4/19/2020,10,C. Valenciana,10250,4781,643
929,4/20/2020,10,C. Valenciana,10339,4827,646
930,4/21/2020,10,C. Valenciana,10399,4866,648
931,4/22/2020,10,C. Valenciana,10571,4896,649
932,4/23/2020,10,C. Valenciana,10735,4917,650
933,4/24/2020,10,C. Valenciana,10906,4945,651
934,4/25/2020,10,C. Valenciana,11123,4978,653
935,4/26/2020,10,C. Valenciana,11372,5013,654
936,4/27/2020,10,C. Valenciana,11412,5032,656
937,4/28/2020,10,C. Valenciana,11658,5046,659
938,4/29/2020,10,C. Valenciana,11816,5072,662
939,4/30/2020,10,C. Valenciana,12058,5096,663
940,5/1/2020,10,C. Valenciana,12209,5126,694
941,5/2/2020,10,C. Valenciana,12514,5153,695
942,5/3/2020,10,C. Valenciana,12686,5181,698
943,5/4/2020,10,C. Valenciana,12819,5204,700
944,5/5/2020,10,C. Valenciana,12883,5214,701
945,5/6/2020,10,C. Valenciana,13064,5225,701
946,5/7/2020,10,C. Valenciana,13311,5252,704
947,5/8/2020,10,C. Valenciana,13507,5287,706
948,5/9/2020,10,C. Valenciana,13676,5317,709
949,5/10/2020,10,C. Valenciana,13840,5354,716
950,5/11/2020,10,C. Valenciana,13881,5355,716
951,5/12/2020,10,C. Valenciana,13937,5360,717
952,5/13/2020,10,C. Valenciana,14045,5370,717
953,5/14/2020,10,C. Valenciana,14154,5389,717
954,5/15/2020,10,C. Valenciana,14392,5415,721
955,5/16/2020,10,C. Valenciana,14536,5435,722
956,5/17/2020,10,C. Valenciana,14680,5454,723
957,2/21/2020,11,Extremadura,0,,
958,2/22/2020,11,Extremadura,0,,
959,2/23/2020,11,Extremadura,0,,
960,2/24/2020,11,Extremadura,0,,
961,2/25/2020,11,Extremadura,0,,
962,2/26/2020,11,Extremadura,0,,
963,2/27/2020,11,Extremadura,0,,
964,2/28/2020,11,Extremadura,0,,
965,2/29/2020,11,Extremadura,0,,
966,3/1/2020,11,Extremadura,4,,
967,3/2/2020,11,Extremadura,6,,
968,3/3/2020,11,Extremadura,6,,
969,3/4/2020,11,Extremadura,6,,
970,3/5/2020,11,Extremadura,6,,
971,3/6/2020,11,Extremadura,6,,
972,3/7/2020,11,Extremadura,6,,
973,3/8/2020,11,Extremadura,6,,
974,3/9/2020,11,Extremadura,7,,0
975,3/10/2020,11,Extremadura,8,,0
976,3/11/2020,11,Extremadura,9,2,1
977,3/12/2020,11,Extremadura,19,2,1
978,3/13/2020,11,Extremadura,39,3,1
979,3/14/2020,11,Extremadura,66,3,1
980,3/15/2020,11,Extremadura,95,8,1
981,3/16/2020,11,Extremadura,111,9,1
982,3/17/2020,11,Extremadura,153,18,2
983,3/18/2020,11,Extremadura,194,27,3
984,3/19/2020,11,Extremadura,241,36,3
985,3/20/2020,11,Extremadura,297,44,4
986,3/21/2020,11,Extremadura,354,65,6
987,3/22/2020,11,Extremadura,384,87,8
988,3/23/2020,11,Extremadura,493,131,13
989,3/24/2020,11,Extremadura,636,161,20
990,3/25/2020,11,Extremadura,742,209,28
991,3/26/2020,11,Extremadura,969,241,34
992,3/27/2020,11,Extremadura,1231,277,41
993,3/28/2020,11,Extremadura,1394,312,40
994,3/29/2020,11,Extremadura,1456,313,41
995,3/30/2020,11,Extremadura,1560,353,43
996,3/31/2020,11,Extremadura,1628,371,51
997,4/1/2020,11,Extremadura,1679,372,58
998,4/2/2020,11,Extremadura,1837,412,62
999,4/3/2020,11,Extremadura,1893,415,64
1000,4/4/2020,11,Extremadura,1979,453,64
1001,4/5/2020,11,Extremadura,2047,417,66
1002,4/6/2020,11,Extremadura,2068,453,66
1003,4/7/2020,11,Extremadura,2116,686,70
1004,4/8/2020,11,Extremadura,2184,898,98
1005,4/9/2020,11,Extremadura,2273,958,99
1006,4/10/2020,11,Extremadura,2332,1003,101
1007,4/11/2020,11,Extremadura,2486,1052,104
1008,4/12/2020,11,Extremadura,2580,1074,106
1009,4/13/2020,11,Extremadura,2658,1096,107
1010,4/14/2020,11,Extremadura,2684,1114,107
1011,4/15/2020,11,Extremadura,2762,1155,107
1012,4/16/2020,11,Extremadura,2881,1186,107
1013,4/17/2020,11,Extremadura,3019,1212,107
1014,4/18/2020,11,Extremadura,3131,1240,107
1015,4/19/2020,11,Extremadura,3192,1278,107
1016,4/20/2020,11,Extremadura,3243,1306,107
1017,4/21/2020,11,Extremadura,3243,1327,107
1018,4/22/2020,11,Extremadura,3243,1349,107
1019,4/23/2020,11,Extremadura,3366,1375,107
1020,4/24/2020,11,Extremadura,3403,1413,107
1021,4/25/2020,11,Extremadura,3458,1447,107
1022,4/26/2020,11,Extremadura,3465,1480,107
1023,4/27/2020,11,Extremadura,3480,1490,107
1024,4/28/2020,11,Extremadura,3487,1505,107
1025,4/29/2020,11,Extremadura,3513,1526,107
1026,4/30/2020,11,Extremadura,3538,1550,108
1027,5/1/2020,11,Extremadura,3630,1565,108
1028,5/2/2020,11,Extremadura,3690,1592,108
1029,5/3/2020,11,Extremadura,3712,1603,108
1030,5/4/2020,11,Extremadura,3722,1618,108
1031,5/5/2020,11,Extremadura,3728,1629,108
1032,5/6/2020,11,Extremadura,3746,1650,108
1033,5/7/2020,11,Extremadura,3808,1664,108
1034,5/8/2020,11,Extremadura,3853,1678,109
1035,5/9/2020,11,Extremadura,3886,1695,109
1036,5/10/2020,11,Extremadura,3903,1711,109
1037,5/11/2020,11,Extremadura,3919,1725,109
1038,5/12/2020,11,Extremadura,3920,1737,109
1039,5/13/2020,11,Extremadura,3920,1754,109
1040,5/14/2020,11,Extremadura,3924,1761,109
1041,5/15/2020,11,Extremadura,3934,1772,109
1042,5/16/2020,11,Extremadura,3945,1772,109
1043,5/17/2020,11,Extremadura,3948,1775,110
1044,2/21/2020,12,Galicia,0,,
1045,2/22/2020,12,Galicia,0,,
1046,2/23/2020,12,Galicia,0,,
1047,2/24/2020,12,Galicia,0,,
1048,2/25/2020,12,Galicia,0,,
1049,2/26/2020,12,Galicia,0,,
1050,2/27/2020,12,Galicia,0,,
1051,2/28/2020,12,Galicia,0,,
1052,2/29/2020,12,Galicia,0,,
1053,3/1/2020,12,Galicia,0,,
1054,3/2/2020,12,Galicia,0,,
1055,3/3/2020,12,Galicia,0,,
1056,3/4/2020,12,Galicia,1,,
1057,3/5/2020,12,Galicia,1,,
1058,3/6/2020,12,Galicia,3,,
1059,3/7/2020,12,Galicia,3,,
1060,3/8/2020,12,Galicia,5,,
1061,3/9/2020,12,Galicia,6,,2
1062,3/10/2020,12,Galicia,22,,2
1063,3/11/2020,12,Galicia,35,7,2
1064,3/12/2020,12,Galicia,35,7,2
1065,3/13/2020,12,Galicia,85,15,6
1066,3/14/2020,12,Galicia,115,32,6
1067,3/15/2020,12,Galicia,195,32,6
1068,3/16/2020,12,Galicia,245,49,8
1069,3/17/2020,12,Galicia,292,49,12
1070,3/18/2020,12,Galicia,341,63,17
1071,3/19/2020,12,Galicia,453,100,24
1072,3/20/2020,12,Galicia,578,138,34
1073,3/21/2020,12,Galicia,739,168,40
1074,3/22/2020,12,Galicia,915,227,50
1075,3/23/2020,12,Galicia,1208,270,62
1076,3/24/2020,12,Galicia,1415,338,78
1077,3/25/2020,12,Galicia,1653,412,100
1078,3/26/2020,12,Galicia,1915,503,107
1079,3/27/2020,12,Galicia,2322,557,122
1080,3/28/2020,12,Galicia,2772,906,141
1081,3/29/2020,12,Galicia,3139,1043,159
1082,3/30/2020,12,Galicia,3723,1147,176
1083,3/31/2020,12,Galicia,4039,1250,189
1084,4/1/2020,12,Galicia,4432,1338,203
1085,4/2/2020,12,Galicia,4842,1447,212
1086,4/3/2020,12,Galicia,5219,1630,219
1087,4/4/2020,12,Galicia,5625,1767,229
1088,4/5/2020,12,Galicia,5944,1831,237
1089,4/6/2020,12,Galicia,6151,1916,245
1090,4/7/2020,12,Galicia,6331,1968,253
1091,4/8/2020,12,Galicia,6538,2014,256
1092,4/9/2020,12,Galicia,6758,2094,260
1093,4/10/2020,12,Galicia,6946,2165,263
1094,4/11/2020,12,Galicia,7176,2215,264
1095,4/12/2020,12,Galicia,7336,2306,267
1096,4/13/2020,12,Galicia,7494,2344,275
1097,4/14/2020,12,Galicia,7597,2403,280
1098,4/15/2020,12,Galicia,7708,2471,282
1099,4/16/2020,12,Galicia,7873,2494,282
1100,4/17/2020,12,Galicia,8013,2535,290
1101,4/18/2020,12,Galicia,8084,2554,291
1102,4/19/2020,12,Galicia,8185,2590,294
1103,4/20/2020,12,Galicia,8299,2609,296
1104,4/21/2020,12,Galicia,8468,2652,296
1105,4/22/2020,12,Galicia,8634,2674,297
1106,4/23/2020,12,Galicia,8805,2694,298
1107,4/24/2020,12,Galicia,8932,2707,301
1108,4/25/2020,12,Galicia,9116,2717,302
1109,4/26/2020,12,Galicia,9176,2724,303
1110,4/27/2020,12,Galicia,9238,2728,304
1111,4/28/2020,12,Galicia,9328,2734,305
1112,4/29/2020,12,Galicia,9484,2736,308
1113,4/30/2020,12,Galicia,9579,2747,310
1114,5/1/2020,12,Galicia,9617,2759,313
1115,5/2/2020,12,Galicia,9652,2769,313
1116,5/3/2020,12,Galicia,9685,2774,315
1117,5/4/2020,12,Galicia,9707,2782,315
1118,5/5/2020,12,Galicia,9783,2792,317
1119,5/6/2020,12,Galicia,9996,2811,319
1120,5/7/2020,12,Galicia,10077,2833,320
1121,5/8/2020,12,Galicia,10221,2852,321
1122,5/9/2020,12,Galicia,10322,2876,323
1123,5/10/2020,12,Galicia,10370,2886,325
1124,5/11/2020,12,Galicia,10388,2902,326
1125,5/12/2020,12,Galicia,10449,2905,326
1126,5/13/2020,12,Galicia,10495,2909,327
1127,5/14/2020,12,Galicia,10545,2915,327
1128,5/15/2020,12,Galicia,10605,2921,332
1129,5/16/2020,12,Galicia,10934,2923,332
1130,5/17/2020,12,Galicia,10960,2926,332
1131,2/21/2020,13,Madrid,1,,
1132,2/22/2020,13,Madrid,1,,
1133,2/23/2020,13,Madrid,1,,
1134,2/24/2020,13,Madrid,1,,
1135,2/25/2020,13,Madrid,1,,
1136,2/26/2020,13,Madrid,2,,
1137,2/27/2020,13,Madrid,6,,
1138,2/28/2020,13,Madrid,10,,
1139,2/29/2020,13,Madrid,20,,
1140,3/1/2020,13,Madrid,27,,
1141,3/2/2020,13,Madrid,53,,
1142,3/3/2020,13,Madrid,96,,
1143,3/4/2020,13,Madrid,142,,
1144,3/5/2020,13,Madrid,200,,
1145,3/6/2020,13,Madrid,312,,
1146,3/7/2020,13,Madrid,516,,
1147,3/8/2020,13,Madrid,739,,
1148,3/9/2020,13,Madrid,1004,,53
1149,3/10/2020,13,Madrid,1509,,77
1150,3/11/2020,13,Madrid,2214,0,102
1151,3/12/2020,13,Madrid,2944,0,135
1152,3/13/2020,13,Madrid,3731,1304,180
1153,3/14/2020,13,Madrid,4671,1518,180
1154,3/15/2020,13,Madrid,5574,2337,253
1155,3/16/2020,13,Madrid,6389,2337,253
1156,3/17/2020,13,Madrid,7648,3710,340
1157,3/18/2020,13,Madrid,9596,3778,491
1158,3/19/2020,13,Madrid,11350,5168,590
1159,3/20/2020,13,Madrid,13393,6338,678
1160,3/21/2020,13,Madrid,15715,7388,767
1161,3/22/2020,13,Madrid,17389,8441,834
1162,3/23/2020,13,Madrid,18892,9561,942
1163,3/24/2020,13,Madrid,21562,10443,1050
1164,3/25/2020,13,Madrid,24465,11153,1150
1165,3/26/2020,13,Madrid,27410,12440,1221
1166,3/27/2020,13,Madrid,30783,13580,1312
1167,3/28/2020,13,Madrid,33149,14211,1404
1168,3/29/2020,13,Madrid,34174,14454,1429
1169,3/30/2020,13,Madrid,35046,14917,1460
1170,3/31/2020,13,Madrid,37592,15140,1514
1171,4/1/2020,13,Madrid,39392,15227,1514
1172,4/2/2020,13,Madrid,41179,15227,1528
1173,4/3/2020,13,Madrid,43015,15050,1506
1174,4/4/2020,13,Madrid,44756,14741,1498
1175,4/5/2020,13,Madrid,45647,14551,1499
1176,4/6/2020,13,Madrid,46173,14501,1510
1177,4/7/2020,13,Madrid,47736,13950,1494
1178,4/8/2020,13,Madrid,49126,13289,1450
1179,4/9/2020,13,Madrid,50542,12853,1433
1180,4/10/2020,13,Madrid,51491,12432,1399
1181,4/11/2020,13,Madrid,52353,11894,1376
1182,4/12/2020,13,Madrid,52894,11424,1332
1183,4/13/2020,13,Madrid,53235,11233,1327
1184,4/14/2020,13,Madrid,54230,10753,1299
1185,4/15/2020,13,Madrid,55333,10116,1244
1186,4/16/2020,13,Madrid,56235,9653,1206
1187,4/17/2020,13,Madrid,57073,9141,1154
1188,4/18/2020,13,Madrid,57889,8597,1094
1189,4/19/2020,13,Madrid,60849,8291,1123
1190,4/20/2020,13,Madrid,61244,8191,1111
1191,4/21/2020,13,Madrid,61873,7930,1076
1192,4/22/2020,13,Madrid,62790,7464,1024
1193,4/23/2020,13,Madrid,63909,7077,981
1194,4/24/2020,13,Madrid,64483,6601,949
1195,4/25/2020,13,Madrid,65150,6183,892
1196,4/26/2020,13,Madrid,65382,5892,873
1197,4/27/2020,13,Madrid,65842,39472,3309
1198,4/28/2020,13,Madrid,66616,39634,3338
1199,4/29/2020,13,Madrid,67283,39850,3355
1200,4/30/2020,13,Madrid,67738,40076,3377
1201,5/1/2020,13,Madrid,68147,40293,3392
1202,5/2/2020,13,Madrid,68286,40457,3404
1203,5/3/2020,13,Madrid,68403,40597,3421
1204,5/4/2020,13,Madrid,68515,40741,3431
1205,5/5/2020,13,Madrid,68919,40851,3442
1206,5/6/2020,13,Madrid,69244,41031,3465
1207,5/7/2020,13,Madrid,69623,41159,3485
1208,5/8/2020,13,Madrid,69855,41304,3493
1209,5/9/2020,13,Madrid,70132,41436,3508
1210,5/10/2020,13,Madrid,70238,41559,3520
1211,5/11/2020,13,Madrid,70292,41650,3529
1212,5/12/2020,13,Madrid,70482,41735,3543
1213,5/13/2020,13,Madrid,70796,41856,3555
1214,5/14/2020,13,Madrid,71040,41962,3564
1215,5/15/2020,13,Madrid,71334,42057,3574
1216,5/16/2020,13,Madrid,71625,42157,3577
1217,5/17/2020,13,Madrid,71631,42227,3584
1218,2/21/2020,19,Melilla,0,,
1219,2/22/2020,19,Melilla,0,,
1220,2/23/2020,19,Melilla,0,,
1221,2/24/2020,19,Melilla,0,,
1222,2/25/2020,19,Melilla,0,,
1223,2/26/2020,19,Melilla,0,,
1224,2/27/2020,19,Melilla,0,,
1225,2/28/2020,19,Melilla,0,,
1226,2/29/2020,19,Melilla,0,,
1227,3/1/2020,19,Melilla,0,,
1228,3/2/2020,19,Melilla,0,,
1229,3/3/2020,19,Melilla,0,,
1230,3/4/2020,19,Melilla,0,,
1231,3/5/2020,19,Melilla,0,,
1232,3/6/2020,19,Melilla,0,,
1233,3/7/2020,19,Melilla,0,,
1234,3/8/2020,19,Melilla,0,,
1235,3/9/2020,19,Melilla,0,,0
1236,3/10/2020,19,Melilla,0,,0
1237,3/11/2020,19,Melilla,0,0,0
1238,3/12/2020,19,Melilla,0,0,0
1239,3/13/2020,19,Melilla,2,3,0
1240,3/14/2020,19,Melilla,3,3,0
1241,3/15/2020,19,Melilla,8,4,0
1242,3/16/2020,19,Melilla,8,4,0
1243,3/17/2020,19,Melilla,17,4,0
1244,3/18/2020,19,Melilla,20,4,0
1245,3/19/2020,19,Melilla,23,4,0
1246,3/20/2020,19,Melilla,24,5,1
1247,3/21/2020,19,Melilla,25,8,1
1248,3/22/2020,19,Melilla,25,12,1
1249,3/23/2020,19,Melilla,28,12,1
1250,3/24/2020,19,Melilla,28,12,1
1251,3/25/2020,19,Melilla,38,14,2
1252,3/26/2020,19,Melilla,39,16,2
1253,3/27/2020,19,Melilla,42,18,2
1254,3/28/2020,19,Melilla,45,22,2
1255,3/29/2020,19,Melilla,48,24,2
1256,3/30/2020,19,Melilla,51,27,3
1257,3/31/2020,19,Melilla,54,27,3
1258,4/1/2020,19,Melilla,62,32,3
1259,4/2/2020,19,Melilla,62,32,3
1260,4/3/2020,19,Melilla,70,34,3
1261,4/4/2020,19,Melilla,79,37,3
1262,4/5/2020,19,Melilla,83,38,3
1263,4/6/2020,19,Melilla,86,38,3
1264,4/7/2020,19,Melilla,92,40,3
1265,4/8/2020,19,Melilla,93,40,3
1266,4/9/2020,19,Melilla,93,40,3
1267,4/10/2020,19,Melilla,95,41,3
1268,4/11/2020,19,Melilla,98,43,3
1269,4/12/2020,19,Melilla,98,43,3
1270,4/13/2020,19,Melilla,101,43,3
1271,4/14/2020,19,Melilla,101,43,3
1272,4/15/2020,19,Melilla,102,43,3
1273,4/16/2020,19,Melilla,103,43,3
1274,4/17/2020,19,Melilla,104,44,3
1275,4/18/2020,19,Melilla,104,44,3
1276,4/19/2020,19,Melilla,107,44,3
1277,4/20/2020,19,Melilla,109,44,3
1278,4/21/2020,19,Melilla,110,44,3
1279,4/22/2020,19,Melilla,111,44,3
1280,4/23/2020,19,Melilla,113,44,3
1281,4/24/2020,19,Melilla,116,44,3
1282,4/25/2020,19,Melilla,118,44,3
1283,4/26/2020,19,Melilla,121,44,3
1284,4/27/2020,19,Melilla,121,44,3
1285,4/28/2020,19,Melilla,125,44,3
1286,4/29/2020,19,Melilla,125,44,3
1287,4/30/2020,19,Melilla,125,44,3
1288,5/1/2020,19,Melilla,126,44,3
1289,5/2/2020,19,Melilla,126,44,3
1290,5/3/2020,19,Melilla,129,44,3
1291,5/4/2020,19,Melilla,131,44,3
1292,5/5/2020,19,Melilla,131,44,3
1293,5/6/2020,19,Melilla,131,44,3
1294,5/7/2020,19,Melilla,132,44,3
1295,5/8/2020,19,Melilla,132,44,3
1296,5/9/2020,19,Melilla,132,44,3
1297,5/10/2020,19,Melilla,132,44,3
1298,5/11/2020,19,Melilla,132,44,3
1299,5/12/2020,19,Melilla,132,44,3
1300,5/13/2020,19,Melilla,132,44,3
1301,5/14/2020,19,Melilla,132,44,3
1302,5/15/2020,19,Melilla,132,44,3
1303,5/16/2020,19,Melilla,132,44,3
1304,5/17/2020,19,Melilla,134,44,3
1305,2/21/2020,14,Murcia,0,,
1306,2/22/2020,14,Murcia,0,,
1307,2/23/2020,14,Murcia,0,,
1308,2/24/2020,14,Murcia,0,,
1309,2/25/2020,14,Murcia,0,,
1310,2/26/2020,14,Murcia,0,,
1311,2/27/2020,14,Murcia,0,,
1312,2/28/2020,14,Murcia,0,,
1313,2/29/2020,14,Murcia,0,,
1314,3/1/2020,14,Murcia,0,,
1315,3/2/2020,14,Murcia,0,,
1316,3/3/2020,14,Murcia,0,,
1317,3/4/2020,14,Murcia,0,,
1318,3/5/2020,14,Murcia,0,,
1319,3/6/2020,14,Murcia,0,,
1320,3/7/2020,14,Murcia,0,,
1321,3/8/2020,14,Murcia,1,,
1322,3/9/2020,14,Murcia,4,,0
1323,3/10/2020,14,Murcia,9,,0
1324,3/11/2020,14,Murcia,11,4,0
1325,3/12/2020,14,Murcia,26,5,1
1326,3/13/2020,14,Murcia,35,8,2
1327,3/14/2020,14,Murcia,47,8,2
1328,3/15/2020,14,Murcia,71,13,2
1329,3/16/2020,14,Murcia,77,13,2
1330,3/17/2020,14,Murcia,97,18,3
1331,3/18/2020,14,Murcia,122,22,4
1332,3/19/2020,14,Murcia,167,36,6
1333,3/20/2020,14,Murcia,204,47,11
1334,3/21/2020,14,Murcia,240,61,14
1335,3/22/2020,14,Murcia,296,78,16
1336,3/23/2020,14,Murcia,345,80,23
1337,3/24/2020,14,Murcia,385,99,26
1338,3/25/2020,14,Murcia,477,127,33
1339,3/26/2020,14,Murcia,596,172,36
1340,3/27/2020,14,Murcia,714,209,53
1341,3/28/2020,14,Murcia,802,231,58
1342,3/29/2020,14,Murcia,872,260,58
1343,3/30/2020,14,Murcia,939,265,58
1344,3/31/2020,14,Murcia,974,283,59
1345,4/1/2020,14,Murcia,1041,304,59
1346,4/2/2020,14,Murcia,1084,389,68
1347,4/3/2020,14,Murcia,1145,405,72
1348,4/4/2020,14,Murcia,1188,434,79
1349,4/5/2020,14,Murcia,1235,447,80
1350,4/6/2020,14,Murcia,1259,468,81
1351,4/7/2020,14,Murcia,1263,500,84
1352,4/8/2020,14,Murcia,1305,515,86
1353,4/9/2020,14,Murcia,1340,533,87
1354,4/10/2020,14,Murcia,1367,533,88
1355,4/11/2020,14,Murcia,1404,533,88
1356,4/12/2020,14,Murcia,1436,537,91
1357,4/13/2020,14,Murcia,1452,543,94
1358,4/14/2020,14,Murcia,1479,566,96
1359,4/15/2020,14,Murcia,1528,574,97
1360,4/16/2020,14,Murcia,1590,575,97
1361,4/17/2020,14,Murcia,1626,585,99
1362,4/18/2020,14,Murcia,1647,611,102
1363,4/19/2020,14,Murcia,1653,612,102
1364,4/20/2020,14,Murcia,1659,612,103
1365,4/21/2020,14,Murcia,1696,614,104
1366,4/22/2020,14,Murcia,1717,622,104
1367,4/23/2020,14,Murcia,1721,624,104
1368,4/24/2020,14,Murcia,1741,625,105
1369,4/25/2020,14,Murcia,1756,625,105
1370,4/26/2020,14,Murcia,1771,627,106
1371,4/27/2020,14,Murcia,1771,627,106
1372,4/28/2020,14,Murcia,1793,629,106
1373,4/29/2020,14,Murcia,1840,635,106
1374,4/30/2020,14,Murcia,1894,637,108
1375,5/1/2020,14,Murcia,1960,638,109
1376,5/2/2020,14,Murcia,1966,639,110
1377,5/3/2020,14,Murcia,1974,641,110
1378,5/4/2020,14,Murcia,1974,645,110
1379,5/5/2020,14,Murcia,2051,650,111
1380,5/6/2020,14,Murcia,2133,650,111
1381,5/7/2020,14,Murcia,2192,652,111
1382,5/8/2020,14,Murcia,2252,659,113
1383,5/9/2020,14,Murcia,2263,662,113
1384,5/10/2020,14,Murcia,2329,662,113
1385,5/11/2020,14,Murcia,2332,665,113
1386,5/12/2020,14,Murcia,2333,665,112
1387,5/13/2020,14,Murcia,2398,666,112
1388,5/14/2020,14,Murcia,2437,672,112
1389,5/15/2020,14,Murcia,2477,675,112
1390,5/16/2020,14,Murcia,2546,676,112
1391,5/17/2020,14,Murcia,2566,676,112
1392,2/21/2020,15,Navarra,0,,
1393,2/22/2020,15,Navarra,0,,
1394,2/23/2020,15,Navarra,0,,
1395,2/24/2020,15,Navarra,0,,
1396,2/25/2020,15,Navarra,0,,
1397,2/26/2020,15,Navarra,0,,
1398,2/27/2020,15,Navarra,0,,
1399,2/28/2020,15,Navarra,0,,
1400,2/29/2020,15,Navarra,0,,
1401,3/1/2020,15,Navarra,1,,
1402,3/2/2020,15,Navarra,1,,
1403,3/3/2020,15,Navarra,1,,
1404,3/4/2020,15,Navarra,3,,
1405,3/5/2020,15,Navarra,3,,
1406,3/6/2020,15,Navarra,3,,
1407,3/7/2020,15,Navarra,3,,
1408,3/8/2020,15,Navarra,3,,
1409,3/9/2020,15,Navarra,3,,1
1410,3/10/2020,15,Navarra,12,,2
1411,3/11/2020,15,Navarra,46,10,3
1412,3/12/2020,15,Navarra,73,17,3
1413,3/13/2020,15,Navarra,130,28,4
1414,3/14/2020,15,Navarra,146,28,4
1415,3/15/2020,15,Navarra,183,34,4
1416,3/16/2020,15,Navarra,274,58,5
1417,3/17/2020,15,Navarra,313,72,10
1418,3/18/2020,15,Navarra,386,93,10
1419,3/19/2020,15,Navarra,482,132,11
1420,3/20/2020,15,Navarra,554,172,19
1421,3/21/2020,15,Navarra,664,222,25
1422,3/22/2020,15,Navarra,794,288,30
1423,3/23/2020,15,Navarra,886,339,40
1424,3/24/2020,15,Navarra,1014,405,45
1425,3/25/2020,15,Navarra,1197,506,51
1426,3/26/2020,15,Navarra,1411,649,54
1427,3/27/2020,15,Navarra,1641,732,75
1428,3/28/2020,15,Navarra,1829,827,84
1429,3/29/2020,15,Navarra,2011,896,90
1430,3/30/2020,15,Navarra,2146,955,96
1431,3/31/2020,15,Navarra,2305,1035,99
1432,4/1/2020,15,Navarra,2497,1120,104
1433,4/2/2020,15,Navarra,2682,1181,108
1434,4/3/2020,15,Navarra,2836,1284,119
1435,4/4/2020,15,Navarra,2972,1341,120
1436,4/5/2020,15,Navarra,3073,1399,123
1437,4/6/2020,15,Navarra,3231,1432,124
1438,4/7/2020,15,Navarra,3355,1488,124
1439,4/8/2020,15,Navarra,3467,1526,124
1440,4/9/2020,15,Navarra,3575,1526,124
1441,4/10/2020,15,Navarra,3748,1620,124
1442,4/11/2020,15,Navarra,3817,1641,124
1443,4/12/2020,15,Navarra,3969,1663,124
1444,4/13/2020,15,Navarra,4092,1693,124
1445,4/14/2020,15,Navarra,4150,1705,124
1446,4/15/2020,15,Navarra,4246,1731,124
1447,4/16/2020,15,Navarra,4348,1752,124
1448,4/17/2020,15,Navarra,4433,1781,124
1449,4/18/2020,15,Navarra,4579,1829,127
1450,4/19/2020,15,Navarra,4656,1843,127
1451,4/20/2020,15,Navarra,4735,1856,128
1452,4/21/2020,15,Navarra,4831,1877,128
1453,4/22/2020,15,Navarra,4958,1894,128
1454,4/23/2020,15,Navarra,5063,1907,129
1455,4/24/2020,15,Navarra,5180,1915,129
1456,4/25/2020,15,Navarra,5274,1937,129
1457,4/26/2020,15,Navarra,5452,1942,129
1458,4/27/2020,15,Navarra,5486,1942,130
1459,4/28/2020,15,Navarra,5630,1945,130
1460,4/29/2020,15,Navarra,5884,1951,130
1461,4/30/2020,15,Navarra,6140,1965,132
1462,5/1/2020,15,Navarra,6337,1977,132
1463,5/2/2020,15,Navarra,6411,1979,132
1464,5/3/2020,15,Navarra,6427,1986,133
1465,5/4/2020,15,Navarra,6447,1990,133
1466,5/5/2020,15,Navarra,6561,1995,134
1467,5/6/2020,15,Navarra,6770,2005,135
1468,5/7/2020,15,Navarra,7010,2015,135
1469,5/8/2020,15,Navarra,7227,2015,135
1470,5/9/2020,15,Navarra,7442,2021,135
1471,5/10/2020,15,Navarra,7455,2023,135
1472,5/11/2020,15,Navarra,7486,2029,135
1473,5/12/2020,15,Navarra,7637,2039,135
1474,5/13/2020,15,Navarra,7752,2042,135
1475,5/14/2020,15,Navarra,7891,2045,135
1476,5/15/2020,15,Navarra,8082,2045,136
1477,5/16/2020,15,Navarra,8235,2045,136
1478,5/17/2020,15,Navarra,8293,2045,136
1479,2/21/2020,16,País Vasco,0,,
1480,2/22/2020,16,País Vasco,0,,
1481,2/23/2020,16,País Vasco,0,,
1482,2/24/2020,16,País Vasco,0,,
1483,2/25/2020,16,País Vasco,0,,
1484,2/26/2020,16,País Vasco,0,,
1485,2/27/2020,16,País Vasco,0,,
1486,2/28/2020,16,País Vasco,0,,
1487,2/29/2020,16,País Vasco,2,,
1488,3/1/2020,16,País Vasco,3,,
1489,3/2/2020,16,País Vasco,9,,
1490,3/3/2020,16,País Vasco,13,,
1491,3/4/2020,16,País Vasco,17,,
1492,3/5/2020,16,País Vasco,17,,
1493,3/6/2020,16,País Vasco,45,,
1494,3/7/2020,16,País Vasco,45,,
1495,3/8/2020,16,País Vasco,70,,
1496,3/9/2020,16,País Vasco,149,,5
1497,3/10/2020,16,País Vasco,195,,5
1498,3/11/2020,16,País Vasco,225,102,15
1499,3/12/2020,16,País Vasco,346,146,18
1500,3/13/2020,16,País Vasco,417,179,20
1501,3/14/2020,16,País Vasco,521,179,22
1502,3/15/2020,16,País Vasco,630,262,29
1503,3/16/2020,16,País Vasco,630,262,29
1504,3/17/2020,16,País Vasco,765,309,33
1505,3/18/2020,16,País Vasco,973,353,37
1506,3/19/2020,16,País Vasco,1190,455,44
1507,3/20/2020,16,País Vasco,1465,550,53
1508,3/21/2020,16,País Vasco,1725,654,71
1509,3/22/2020,16,País Vasco,2097,988,81
1510,3/23/2020,16,País Vasco,2421,1252,92
1511,3/24/2020,16,País Vasco,2728,1425,106
1512,3/25/2020,16,País Vasco,3271,1577,119
1513,3/26/2020,16,País Vasco,3946,1907,137
1514,3/27/2020,16,País Vasco,4601,2270,154
1515,3/28/2020,16,País Vasco,5136,2612,176
1516,3/29/2020,16,País Vasco,5740,3106,271
1517,3/30/2020,16,País Vasco,6057,3427,293
1518,3/31/2020,16,País Vasco,6320,3594,307
1519,4/1/2020,16,País Vasco,6838,3806,324
1520,4/2/2020,16,País Vasco,7317,4087,344
1521,4/3/2020,16,País Vasco,7827,4283,363
1522,4/4/2020,16,País Vasco,8187,4522,377
1523,4/5/2020,16,País Vasco,8628,4666,404
1524,4/6/2020,16,País Vasco,8810,4794,410
1525,4/7/2020,16,País Vasco,9021,4856,417
1526,4/8/2020,16,País Vasco,9452,4982,430
1527,4/9/2020,16,País Vasco,9806,5130,433
1528,4/10/2020,16,País Vasco,10103,5290,442
1529,4/11/2020,16,País Vasco,10515,5402,453
1530,4/12/2020,16,País Vasco,10772,5547,459
1531,4/13/2020,16,País Vasco,11018,5622,464
1532,4/14/2020,16,País Vasco,11226,5679,470
1533,4/15/2020,16,País Vasco,11475,5750,471
1534,4/16/2020,16,País Vasco,11790,5863,478
1535,4/17/2020,16,País Vasco,12089,5939,484
1536,4/18/2020,16,País Vasco,12355,6030,490
1537,4/19/2020,16,País Vasco,12569,6086,499
1538,4/20/2020,16,País Vasco,12628,6109,501
1539,4/21/2020,16,País Vasco,12810,6141,507
1540,4/22/2020,16,País Vasco,13044,6201,513
1541,4/23/2020,16,País Vasco,13436,6260,516
1542,4/24/2020,16,País Vasco,13780,6315,518
1543,4/25/2020,16,País Vasco,14132,6375,525
1544,4/26/2020,16,País Vasco,14315,6426,533
1545,4/27/2020,16,País Vasco,14412,6457,538
1546,4/28/2020,16,País Vasco,14804,6482,539
1547,4/29/2020,16,País Vasco,15138,6522,540
1548,4/30/2020,16,País Vasco,15519,6561,541
1549,5/1/2020,16,País Vasco,15969,6607,544
1550,5/2/2020,16,País Vasco,16119,6659,551
1551,5/3/2020,16,País Vasco,16197,6692,553
1552,5/4/2020,16,País Vasco,16246,6719,554
1553,5/5/2020,16,País Vasco,16426,6736,556
1554,5/6/2020,16,País Vasco,16679,6781,559
1555,5/7/2020,16,País Vasco,16959,6797,561
1556,5/8/2020,16,País Vasco,17286,6818,566
1557,5/9/2020,16,País Vasco,17553,6865,568
1558,5/10/2020,16,País Vasco,17677,6902,571
1559,5/11/2020,16,País Vasco,17709,6922,573
1560,5/12/2020,16,País Vasco,17840,6929,574
1561,5/13/2020,16,País Vasco,18095,6955,575
1562,5/14/2020,16,País Vasco,18100,6994,577
1563,5/15/2020,16,País Vasco,18138,7009,578
1564,5/16/2020,16,País Vasco,18607,7011,578
1565,5/17/2020,16,País Vasco,18733,7015,578
1566,2/21/2020,17,La Rioja,0,,
1567,2/22/2020,17,La Rioja,0,,
1568,2/23/2020,17,La Rioja,0,,
1569,2/24/2020,17,La Rioja,0,,
1570,2/25/2020,17,La Rioja,0,,
1571,2/26/2020,17,La Rioja,0,,
1572,2/27/2020,17,La Rioja,0,,
1573,2/28/2020,17,La Rioja,0,,
1574,2/29/2020,17,La Rioja,0,,
1575,3/1/2020,17,La Rioja,0,,
1576,3/2/2020,17,La Rioja,1,,
1577,3/3/2020,17,La Rioja,2,,
1578,3/4/2020,17,La Rioja,7,,
1579,3/5/2020,17,La Rioja,17,,
1580,3/6/2020,17,La Rioja,29,,
1581,3/7/2020,17,La Rioja,47,,
1582,3/8/2020,17,La Rioja,70,,
1583,3/9/2020,17,La Rioja,102,,1
1584,3/10/2020,17,La Rioja,155,,1
1585,3/11/2020,17,La Rioja,185,13,1
1586,3/12/2020,17,La Rioja,220,21,1
1587,3/13/2020,17,La Rioja,259,27,2
1588,3/14/2020,17,La Rioja,292,38,2
1589,3/15/2020,17,La Rioja,300,58,7
1590,3/16/2020,17,La Rioja,312,64,13
1591,3/17/2020,17,La Rioja,355,82,13
1592,3/18/2020,17,La Rioja,419,99,13
1593,3/19/2020,17,La Rioja,468,121,15
1594,3/20/2020,17,La Rioja,497,122,15
1595,3/21/2020,17,La Rioja,564,128,17
1596,3/22/2020,17,La Rioja,654,134,17
1597,3/23/2020,17,La Rioja,747,166,22
1598,3/24/2020,17,La Rioja,802,206,24
1599,3/25/2020,17,La Rioja,928,254,33
1600,3/26/2020,17,La Rioja,995,316,36
1601,3/27/2020,17,La Rioja,1236,388,43
1602,3/28/2020,17,La Rioja,1436,458,43
1603,3/29/2020,17,La Rioja,1629,497,43
1604,3/30/2020,17,La Rioja,1733,517,43
1605,3/31/2020,17,La Rioja,1810,575,51
1606,4/1/2020,17,La Rioja,1960,619,54
1607,4/2/2020,17,La Rioja,2083,660,57
1608,4/3/2020,17,La Rioja,2224,738,64
1609,4/4/2020,17,La Rioja,2405,805,64
1610,4/5/2020,17,La Rioja,2592,855,66
1611,4/6/2020,17,La Rioja,2719,888,66
1612,4/7/2020,17,La Rioja,2846,918,66
1613,4/8/2020,17,La Rioja,2951,955,68
1614,4/9/2020,17,La Rioja,3026,997,69
1615,4/10/2020,17,La Rioja,3076,1047,71
1616,4/11/2020,17,La Rioja,3496,1082,73
1617,4/12/2020,17,La Rioja,3596,1122,73
1618,4/13/2020,17,La Rioja,3675,1141,73
1619,4/14/2020,17,La Rioja,3749,1152,74
1620,4/15/2020,17,La Rioja,3831,1182,75
1621,4/16/2020,17,La Rioja,3916,1207,75
1622,4/17/2020,17,La Rioja,4098,1226,76
1623,4/18/2020,17,La Rioja,4250,1249,78
1624,4/19/2020,17,La Rioja,4330,1268,79
1625,4/20/2020,17,La Rioja,4371,1282,79
1626,4/21/2020,17,La Rioja,4483,1297,81
1627,4/22/2020,17,La Rioja,4586,1318,81
1628,4/23/2020,17,La Rioja,4727,1331,82
1629,4/24/2020,17,La Rioja,4865,1344,82
1630,4/25/2020,17,La Rioja,4946,1360,83
1631,4/26/2020,17,La Rioja,4998,1380,84
1632,4/27/2020,17,La Rioja,5041,1392,85
1633,4/28/2020,17,La Rioja,5097,1400,87
1634,4/29/2020,17,La Rioja,5173,1413,87
1635,4/30/2020,17,La Rioja,5206,1424,88
1636,5/1/2020,17,La Rioja,5226,1433,88
1637,5/2/2020,17,La Rioja,5239,1439,88
1638,5/3/2020,17,La Rioja,5247,1446,88
1639,5/4/2020,17,La Rioja,5258,1449,88
1640,5/5/2020,17,La Rioja,5270,1452,90
1641,5/6/2020,17,La Rioja,5322,1458,91
1642,5/7/2020,17,La Rioja,5330,1463,91
1643,5/8/2020,17,La Rioja,5355,1469,91
1644,5/9/2020,17,La Rioja,5365,1473,91
1645,5/10/2020,17,La Rioja,5378,1474,91
1646,5/11/2020,17,La Rioja,5382,1475,91
1647,5/12/2020,17,La Rioja,5392,1478,91
1648,5/13/2020,17,La Rioja,5397,1481,91
1649,5/14/2020,17,La Rioja,5405,1484,91
1650,5/15/2020,17,La Rioja,5409,1488,91
1651,5/16/2020,17,La Rioja,5413,1490,91
1652,5/17/2020,17,La Rioja,5417,1496,91
